franchise,part,title,year,franchise_length,rating,rating_avg,rating_diff_avg,rating_rel_avg,quality_avg
... Cameras,1,13 Cameras,2015,3,2.3,2.49,-0.19,-8.0,worse
... Cameras,2,14 Cameras,2018,3,2.12,2.49,-0.37,-15.0,worse
... Cameras,3,15 Cameras,2023,3,3.04,2.49,0.55,22.0,better
12 Rounds,1,12 Rounds,2009,3,2.44,2.42,0.02,1.0,better
12 Rounds,2,12 Rounds 2: Reloaded,2013,3,2.3,2.42,-0.12,-5.0,worse
12 Rounds,3,12 Rounds 3: Lockdown,2015,3,2.51,2.42,0.09,4.0,better
1920,1,1920,2008,3,3.04,2.84,0.2,7.0,better
1920,2,1920: Evil Returns,2012,3,2.83,2.84,-0.01,-0.0,worse
1920,3,1920 London,2016,3,2.64,2.84,-0.2,-7.0,worse
1981,1,1981,2009,3,3.53,3.49,0.04,1.0,better
1981,2,1987,2014,3,3.55,3.49,0.06,2.0,better
1981,3,1991,2018,3,3.4,3.49,-0.09,-3.0,worse
2-Headed Shark Attack,1,2-Headed Shark Attack,2012,4,1.66,1.77,-0.11,-6.0,worse
2-Headed Shark Attack,2,3-Headed Shark Attack,2015,4,1.71,1.77,-0.06,-3.0,worse
2-Headed Shark Attack,3,5 Headed Shark Attack,2017,4,1.75,1.77,-0.02,-1.0,worse
2-Headed Shark Attack,4,6-Headed Shark Attack,2018,4,1.95,1.77,0.18,10.0,better
20th Century Boys,1,20th Century Boys 1: Beginning of the End,2008,3,3.27,3.29,-0.02,-1.0,worse
20th Century Boys,2,20th Century Boys 2: The Last Hope,2009,3,3.28,3.29,-0.01,-0.0,worse
20th Century Boys,3,20th Century Boys 3: Redemption,2009,3,3.31,3.29,0.02,1.0,better
3 Ninja Kids,1,3 Ninjas,1992,4,2.72,2.38,0.35,15.0,better
3 Ninja Kids,2,3 Ninjas Kick Back,1994,4,2.51,2.38,0.13,5.0,better
3 Ninja Kids,3,3 Ninjas Knuckle Up,1995,4,2.35,2.38,-0.02,-1.0,worse
3 Ninja Kids,4,3 Ninjas: High Noon at Mega Mountain,1998,4,1.92,2.38,-0.46,-19.0,worse
365 Days,1,365 Days,2020,3,1.02,1.09,-0.07,-6.0,worse
365 Days,2,365 Days: This Day,2022,3,1.07,1.09,-0.02,-2.0,worse
365 Days,3,The Next 365 Days,2022,3,1.19,1.09,0.1,9.0,better
A Better Tomorrow,1,A Better Tomorrow,1986,3,3.85,3.6,0.25,7.0,better
A Better Tomorrow,2,A Better Tomorrow II,1987,3,3.58,3.6,-0.02,-1.0,worse
A Better Tomorrow,3,A Better Tomorrow III: Love and Death in Saigon,1989,3,3.38,3.6,-0.22,-6.0,worse
A Chinese Ghost Story,1,A Chinese Ghost Story,1987,3,3.71,3.52,0.19,5.0,better
A Chinese Ghost Story,2,A Chinese Ghost Story II,1990,3,3.49,3.52,-0.03,-1.0,worse
A Chinese Ghost Story,3,A Chinese Ghost Story III,1991,3,3.35,3.52,-0.17,-5.0,worse
A Christmas Prince,1,A Christmas Prince,2017,3,2.28,2.17,0.11,5.0,better
A Christmas Prince,2,A Christmas Prince: The Royal Wedding,2018,3,2.12,2.17,-0.05,-2.0,worse
A Christmas Prince,3,A Christmas Prince: The Royal Baby,2019,3,2.11,2.17,-0.06,-3.0,worse
A Christmas Story,1,A Christmas Story,1983,3,3.58,2.73,0.85,31.0,better
A Christmas Story,2,A Christmas Story 2,2012,3,1.68,2.73,-1.05,-38.0,worse
A Christmas Story,3,A Christmas Story Christmas,2022,3,2.93,2.73,0.2,7.0,better
A Fairly Odd,1,"A Fairly Odd Movie: Grow Up, Timmy Turner!",2011,3,1.52,1.62,-0.1,-6.0,worse
A Fairly Odd,2,A Fairly Odd Christmas,2012,3,1.74,1.62,0.12,7.0,better
A Fairly Odd,3,A Fairly Odd Summer,2014,3,1.6,1.62,-0.02,-1.0,worse
A Man and a Woman,1,A Man and a Woman,1966,3,3.88,3.48,0.4,12.0,better
A Man and a Woman,2,A Man and a Woman: 20 Years Later,1986,3,3.24,3.48,-0.24,-7.0,worse
A Man and a Woman,3,The Best Years of a Life,2019,3,3.31,3.48,-0.17,-5.0,worse
A Menina que Matou os Pais,1,The Girl Who Killed Her Parents,2021,3,2.67,2.84,-0.17,-6.0,worse
A Menina que Matou os Pais,2,The Boy Who Killed My Parents,2021,3,2.7,2.84,-0.14,-5.0,worse
A Menina que Matou os Pais,3,The Girl Who Killed Her Parents: The Confession,2023,3,3.16,2.84,0.32,11.0,better
A Nightmare on Elm Street,1,A Nightmare on Elm Street,1984,7,3.73,2.92,0.81,28.0,better
A Nightmare on Elm Street,2,A Nightmare on Elm Street Part 2: Freddy's Revenge,1985,7,2.79,2.92,-0.13,-4.0,worse
A Nightmare on Elm Street,3,A Nightmare on Elm Street 3: Dream Warriors,1987,7,3.51,2.92,0.59,20.0,better
A Nightmare on Elm Street,4,A Nightmare on Elm Street 4: The Dream Master,1988,7,2.73,2.92,-0.19,-6.0,worse
A Nightmare on Elm Street,5,A Nightmare on Elm Street: The Dream Child,1989,7,2.27,2.92,-0.65,-22.0,worse
A Nightmare on Elm Street,6,Freddy's Dead: The Final Nightmare,1991,7,2.11,2.92,-0.81,-28.0,worse
A Nightmare on Elm Street,7,New Nightmare,1994,7,3.33,2.92,0.41,14.0,better
A Very Potter Musical,1,A Very Potter Musical,2009,3,4.14,3.8,0.34,9.0,better
A Very Potter Musical,2,A Very Potter Sequel,2010,3,3.73,3.8,-0.07,-2.0,worse
A Very Potter Musical,3,A Very Potter Senior Year,2013,3,3.53,3.8,-0.27,-7.0,worse
A Very Special Love,1,A Very Special Love,2008,3,3.26,3.21,0.05,2.0,better
A Very Special Love,2,You Changed My Life,2009,3,3.14,3.21,-0.07,-2.0,worse
A Very Special Love,3,It Takes a Man and a Woman,2013,3,3.22,3.21,0.01,0.0,better
ABCD,1,ABCD,2013,3,2.95,2.69,0.26,10.0,better
ABCD,2,ABCD 2,2015,3,2.52,2.69,-0.17,-6.0,worse
ABCD,3,Street Dancer 3D,2020,3,2.6,2.69,-0.09,-3.0,worse
Ace Ventura,1,Ace Ventura: Pet Detective,1994,3,3.16,2.55,0.61,24.0,better
Ace Ventura,2,Ace Ventura: When Nature Calls,1995,3,2.96,2.55,0.41,16.0,better
Ace Ventura,3,Ace Ventura Jr: Pet Detective,2009,3,1.52,2.55,-1.03,-40.0,worse
Adventures of a,1,Adventures of a Taxi Driver,1976,3,2.84,2.84,-0.0,-0.0,equal
Adventures of a,2,Adventures of a Private Eye,1977,3,2.88,2.84,0.04,1.0,better
Adventures of a,3,Adventures of a Plumber's Mate,1978,3,2.81,2.84,-0.03,-1.0,worse
After,1,After,2019,5,1.48,1.48,0.0,0.0,equal
After,2,After We Collided,2020,5,1.42,1.48,-0.06,-4.0,worse
After,3,After We Fell,2021,5,1.4,1.48,-0.08,-5.0,worse
After,4,After Ever Happy,2022,5,1.47,1.48,-0.01,-1.0,worse
After,5,After Everything,2023,5,1.61,1.48,0.13,9.0,better
Agatha,1,Agatha and the Truth of Murder,2018,3,2.92,2.97,-0.05,-2.0,worse
Agatha,2,Agatha and the Curse of Ishtar,2019,3,2.99,2.97,0.02,1.0,better
Agatha,3,Agatha and the Midnight Murders,2020,3,3.01,2.97,0.04,1.0,better
Ah Boys to Men,1,Ah Boys To Men,2012,4,2.78,2.84,-0.06,-2.0,worse
Ah Boys to Men,2,Ah Boys To Men 2,2013,4,2.9,2.84,0.06,2.0,better
Ah Boys to Men,3,Ah Boys to Men 3: Frogmen,2015,4,2.97,2.84,0.13,5.0,better
Ah Boys to Men,4,Ah Boys to Men 4,2017,4,2.71,2.84,-0.13,-5.0,worse
Air Bud,1,Air Bud,1997,5,2.6,2.43,0.17,7.0,better
Air Bud,2,Air Bud: Golden Receiver,1998,5,2.41,2.43,-0.02,-1.0,worse
Air Bud,3,Air Bud: World Pup,2000,5,2.41,2.43,-0.02,-1.0,worse
Air Bud,4,Air Bud: Seventh Inning Fetch,2002,5,2.39,2.43,-0.04,-2.0,worse
Air Bud,5,Air Bud: Spikes Back,2003,5,2.34,2.43,-0.09,-4.0,worse
Airport,1,Airport,1970,4,3.18,2.8,0.38,14.0,better
Airport,2,Airport 1975,1974,4,2.87,2.8,0.07,2.0,better
Airport,3,Airport '77,1977,4,2.85,2.8,0.05,2.0,better
Airport,4,The Concorde... Airport '79,1979,4,2.31,2.8,-0.49,-17.0,worse
Aladdin,1,Aladdin,1992,3,3.88,3.05,0.83,27.0,better
Aladdin,2,The Return of Jafar,1994,3,2.45,3.05,-0.6,-20.0,worse
Aladdin,3,Aladdin and the King of Thieves,1996,3,2.82,3.05,-0.23,-8.0,worse
Alexandria Quad,1,Alexandria… Why?,1979,4,3.79,3.59,0.2,6.0,better
Alexandria Quad,2,An Egyptian Story,1982,4,3.77,3.59,0.18,5.0,better
Alexandria Quad,3,Alexandria Again and Forever,1989,4,3.52,3.59,-0.07,-2.0,worse
Alexandria Quad,4,Alexandria... New York,2004,4,3.28,3.59,-0.31,-9.0,worse
Alien,1,Alien,1979,4,4.28,3.46,0.82,24.0,better
Alien,2,Aliens,1986,4,4.15,3.46,0.69,20.0,better
Alien,3,Alien³,1992,4,2.86,3.46,-0.6,-17.0,worse
Alien,4,Alien Resurrection,1997,4,2.56,3.46,-0.9,-26.0,worse
All Dogs Go to Heaven,1,All Dogs Go to Heaven,1989,3,3.38,2.98,0.4,13.0,better
All Dogs Go to Heaven,2,All Dogs Go to Heaven 2,1996,3,2.72,2.98,-0.26,-9.0,worse
All Dogs Go to Heaven,3,An All Dogs Christmas Carol,1998,3,2.84,2.98,-0.14,-5.0,worse
All for ...,1,All for One,2011,4,3.1,3.03,0.07,2.0,better
All for ...,2,All for Two,2013,4,3.12,3.03,0.09,3.0,better
All for ...,3,All for Three,2017,4,2.94,3.03,-0.09,-3.0,worse
All for ...,4,Alle for fire,2022,4,2.95,3.03,-0.08,-3.0,worse
Alpha and Omega,1,Alpha and Omega,2010,8,1.99,2.32,-0.33,-14.0,worse
Alpha and Omega,2,Alpha and Omega 2: A Howl-iday Adventure,2013,8,2.01,2.32,-0.31,-13.0,worse
Alpha and Omega,3,Alpha and Omega 3: The Great Wolf Games,2014,8,2.2,2.32,-0.12,-5.0,worse
Alpha and Omega,4,Alpha and Omega: The Legend of the Saw Tooth Cave,2014,8,2.54,2.32,0.22,9.0,better
Alpha and Omega,5,Alpha and Omega: Family Vacation,2015,8,2.41,2.32,0.09,4.0,better
Alpha and Omega,6,Alpha and Omega: Dino Digs,2016,8,2.39,2.32,0.07,3.0,better
Alpha and Omega,7,Alpha y Omega: La gran helada,2016,8,2.49,2.32,0.17,7.0,better
Alpha and Omega,8,Alpha and Omega: Journey to Bear Kingdom,2017,8,2.5,2.32,0.18,8.0,better
Alvin and the Chipmunks,1,Alvin and the Chipmunks,2007,4,2.45,2.13,0.32,15.0,better
Alvin and the Chipmunks,2,Alvin and the Chipmunks: The Squeakquel,2009,4,2.09,2.13,-0.04,-2.0,worse
Alvin and the Chipmunks,3,Alvin and the Chipmunks: Chipwrecked,2011,4,2.09,2.13,-0.04,-2.0,worse
Alvin and the Chipmunks,4,Alvin and the Chipmunks: The Road Chip,2015,4,1.88,2.13,-0.25,-12.0,worse
Always: Sunset on Third Street,1,Always - Sunset on Third Street,2005,3,3.61,3.52,0.09,3.0,better
Always: Sunset on Third Street,2,Always: Sunset on Third Street 2,2007,3,3.53,3.52,0.01,0.0,better
Always: Sunset on Third Street,3,Always: Sunset on Third Street '64,2012,3,3.43,3.52,-0.09,-3.0,worse
American Guinea Pig,1,American Guinea Pig: Bouquet of Guts and Gore,2014,3,2.71,2.8,-0.09,-3.0,worse
American Guinea Pig,2,American Guinea Pig: Bloodshock,2015,3,3.01,2.8,0.21,7.0,better
American Guinea Pig,3,American Guinea Pig: The Song of Solomon,2017,3,2.68,2.8,-0.12,-4.0,worse
American Ninja,1,American Ninja,1985,5,2.77,2.51,0.26,10.0,better
American Ninja,2,American Ninja 2: The Confrontation,1987,5,2.76,2.51,0.25,10.0,better
American Ninja,3,American Ninja 3: Blood Hunt,1989,5,2.18,2.51,-0.33,-13.0,worse
American Ninja,4,American Ninja 4: The Annihilation,1990,5,2.33,2.51,-0.18,-7.0,worse
American Ninja,5,American Ninja 5,1993,5,2.52,2.51,0.01,0.0,better
American Pie (Spin-off),1,American Pie Presents: Band Camp,2005,5,2.06,1.98,0.08,4.0,better
American Pie (Spin-off),2,American Pie Presents: The Naked Mile,2006,5,2.07,1.98,0.09,5.0,better
American Pie (Spin-off),3,American Pie Presents: Beta House,2007,5,2.11,1.98,0.13,7.0,better
American Pie (Spin-off),4,American Pie Presents: The Book of Love,2009,5,1.88,1.98,-0.1,-5.0,worse
American Pie (Spin-off),5,American Pie Presents: Girls' Rules,2020,5,1.8,1.98,-0.18,-9.0,worse
American Pie,1,American Pie,1999,4,3.08,2.84,0.25,9.0,better
American Pie,2,American Pie 2,2001,4,2.85,2.84,0.02,1.0,better
American Pie,3,American Wedding,2003,4,2.68,2.84,-0.15,-5.0,worse
American Pie,4,American Reunion,2012,4,2.73,2.84,-0.1,-4.0,worse
Americanized Godzilla,1,"Godzilla, King of the Monsters!",1956,4,2.86,2.84,0.02,1.0,better
Americanized Godzilla,2,"Gigantis, the Fire Monster",1959,4,2.57,2.84,-0.27,-10.0,worse
Americanized Godzilla,3,King Kong vs. Godzilla,1963,4,2.81,2.84,-0.03,-1.0,worse
Americanized Godzilla,4,Godzilla 1985,1985,4,3.12,2.84,0.28,10.0,better
An American Tail,1,An American Tail,1986,4,3.48,3.1,0.38,12.0,better
An American Tail,2,An American Tail: Fievel Goes West,1991,4,3.17,3.1,0.07,2.0,better
An American Tail,3,An American Tail: The Treasure of Manhattan Island,1998,4,2.89,3.1,-0.21,-7.0,worse
An American Tail,4,An American Tail: The Mystery of the Night Monster,1999,4,2.86,3.1,-0.24,-8.0,worse
An Unforgettable Year,1,An Unforgettable Year – Summer,2023,4,2.94,2.93,0.01,0.0,better
An Unforgettable Year,2,An Unforgettable Year – Autumn,2023,4,3.15,2.93,0.22,8.0,better
An Unforgettable Year,3,An Unforgettable Year – Winter,2023,4,2.74,2.93,-0.19,-6.0,worse
An Unforgettable Year,4,An Unforgettable Year – Spring,2023,4,2.89,2.93,-0.04,-1.0,worse
Anaconda,1,Anaconda,1997,4,2.31,1.94,0.37,19.0,better
Anaconda,2,Anacondas: The Hunt for the Blood Orchid,2004,4,2.24,1.94,0.3,15.0,better
Anaconda,3,Anaconda 3: Offspring,2008,4,1.62,1.94,-0.32,-17.0,worse
Anaconda,4,Anacondas: Trail of Blood,2009,4,1.58,1.94,-0.36,-19.0,worse
Anchorman,1,Anchorman: The Legend of Ron Burgundy,2004,3,3.49,3.15,0.34,11.0,better
Anchorman,2,"Wake Up, Ron Burgundy: The Lost Movie",2004,3,3.07,3.15,-0.08,-3.0,worse
Anchorman,3,Anchorman 2: The Legend Continues,2013,3,2.9,3.15,-0.25,-8.0,worse
Ang Tanging Ina,1,Ang Tanging Ina,2003,3,3.4,3.23,0.17,5.0,better
Ang Tanging Ina,2,Ang Tanging Ina N'yong Lahat,2008,3,3.17,3.23,-0.06,-2.0,worse
Ang Tanging Ina,3,Ang Tanging Ina Mo: Last na 'to!,2010,3,3.11,3.23,-0.12,-4.0,worse
Angelique,1,Angelique,1964,5,3.31,3.28,0.03,1.0,better
Angelique,2,Angelique: The Road To Versailles,1965,5,3.26,3.28,-0.02,-1.0,worse
Angelique,3,Angelique and the King,1966,5,3.3,3.28,0.02,1.0,better
Angelique,4,Untamable Angelique,1967,5,3.26,3.28,-0.02,-1.0,worse
Angelique,5,Angelique and the Sultan,1968,5,3.27,3.28,-0.01,-0.0,worse
Angels in the ...,1,Angels in the Outfield,1994,3,2.94,2.85,0.09,3.0,better
Angels in the ...,2,Angels in the Endzone,1997,3,2.69,2.85,-0.16,-6.0,worse
Angels in the ...,3,Angels in the Infield,2000,3,2.93,2.85,0.08,3.0,better
Animerama,1,A Thousand and One Nights,1969,3,3.34,3.42,-0.08,-2.0,worse
Animerama,2,Cleopatra: Queen of Sex,1970,3,3.16,3.42,-0.26,-8.0,worse
Animerama,3,Belladonna of Sadness,1973,3,3.75,3.42,0.33,10.0,better
Annabelle,1,Annabelle,2014,3,2.32,2.58,-0.26,-10.0,worse
Annabelle,2,Annabelle: Creation,2017,3,2.92,2.58,0.34,13.0,better
Annabelle,3,Annabelle Comes Home,2019,3,2.51,2.58,-0.07,-3.0,worse
Ant-Man,1,Ant-Man,2015,3,3.24,2.83,0.41,14.0,better
Ant-Man,2,Ant-Man and the Wasp,2018,3,2.93,2.83,0.1,4.0,better
Ant-Man,3,Ant-Man and the Wasp: Quantumania,2023,3,2.33,2.83,-0.5,-18.0,worse
Antboy,1,Antboy,2013,3,2.16,2.45,-0.29,-12.0,worse
Antboy,2,Antboy: Revenge of the Red Fury,2014,3,2.49,2.45,0.04,2.0,better
Antboy,3,Antboy 3,2016,3,2.7,2.45,0.25,10.0,better
Ants in the Pants,1,Ants in the Pants,2000,3,2.67,2.38,0.29,12.0,better
Ants in the Pants,2,Ants in the Pants 2,2002,3,2.58,2.38,0.2,8.0,better
Ants in the Pants,3,Hard Feelings,2023,3,1.88,2.38,-0.5,-21.0,worse
Appleseed,1,Appleseed,1988,4,3.1,3.14,-0.04,-1.0,worse
Appleseed,2,Appleseed,2004,4,3.15,3.14,0.01,0.0,better
Appleseed,3,Appleseed: Ex Machina,2007,4,3.26,3.14,0.12,4.0,better
Appleseed,4,Appleseed Alpha,2014,4,3.05,3.14,-0.09,-3.0,worse
Arabian Nights,1,"Arabian Nights: Volume 1, The Restless One",2015,3,3.63,3.59,0.04,1.0,better
Arabian Nights,2,"Arabian Nights: Volume 2, The Desolate One",2015,3,3.71,3.59,0.12,3.0,better
Arabian Nights,3,"Arabian Nights: Volume 3, The Enchanted One",2015,3,3.44,3.59,-0.15,-4.0,worse
Aranmanai,1,Aranmanai,2014,3,2.83,2.65,0.18,7.0,better
Aranmanai,2,Aranmanai 2,2016,3,2.64,2.65,-0.01,-0.0,worse
Aranmanai,3,Aranmanai 3,2021,3,2.48,2.65,-0.17,-6.0,worse
Armour of God,1,Armour of God,1986,3,3.3,3.16,0.14,4.0,better
Armour of God,2,Operation Condor,1991,3,3.49,3.16,0.33,10.0,better
Armour of God,3,Chinese Zodiac,2012,3,2.69,3.16,-0.47,-15.0,worse
Art of the Devil,1,Art of the Devil,2004,3,2.9,3.1,-0.2,-6.0,worse
Art of the Devil,2,Art of the Devil 2,2005,3,3.22,3.1,0.12,4.0,better
Art of the Devil,3,Art of the Devil 3,2008,3,3.17,3.1,0.07,2.0,better
Arthur and the Invisibles,1,Arthur and the Invisibles,2006,3,2.73,2.56,0.17,7.0,better
Arthur and the Invisibles,2,Arthur and the Revenge of Maltazard,2009,3,2.48,2.56,-0.08,-3.0,worse
Arthur and the Invisibles,3,Arthur 3: The War of the Two Worlds,2010,3,2.47,2.56,-0.09,-4.0,worse
Asterix & Obelix Live-action,1,Asterix & Obelix Take on Caesar,1999,5,2.87,2.69,0.18,7.0,better
Asterix & Obelix Live-action,2,Asterix & Obelix: Mission Cleopatra,2002,5,3.44,2.69,0.75,28.0,better
Asterix & Obelix Live-action,3,Astérix at the Olympic Games,2008,5,2.55,2.69,-0.14,-5.0,worse
Asterix & Obelix Live-action,4,Asterix & Obelix: God Save Britannia,2012,5,2.37,2.69,-0.32,-12.0,worse
Asterix & Obelix Live-action,5,Asterix & Obelix: The Middle Kingdom,2023,5,2.24,2.69,-0.45,-17.0,worse
Asterix and Obelix (Animation),1,Asterix the Gaul,1967,10,3.23,3.32,-0.09,-3.0,worse
Asterix and Obelix (Animation),2,Asterix and Cleopatra,1968,10,3.58,3.32,0.26,8.0,better
Asterix and Obelix (Animation),3,The Twelve Tasks of Asterix,1976,10,3.82,3.32,0.5,15.0,better
Asterix and Obelix (Animation),4,Asterix vs. Caesar,1985,10,3.38,3.32,0.06,2.0,better
Asterix and Obelix (Animation),5,Asterix in Britain,1986,10,3.5,3.32,0.18,5.0,better
Asterix and Obelix (Animation),6,Asterix and the Big Fight,1989,10,3.23,3.32,-0.09,-3.0,worse
Asterix and Obelix (Animation),7,Asterix Conquers America,1994,10,3.01,3.32,-0.31,-9.0,worse
Asterix and Obelix (Animation),8,Asterix and the Vikings,2006,10,2.95,3.32,-0.37,-11.0,worse
Asterix and Obelix (Animation),9,Asterix: The Mansions of the Gods,2014,10,3.32,3.32,-0.0,-0.0,equal
Asterix and Obelix (Animation),10,Asterix: The Secret of the Magic Potion,2018,10,3.22,3.32,-0.1,-3.0,worse
Atlas Shrugged,1,Atlas Shrugged: Part I,2011,3,2.0,2.16,-0.16,-7.0,worse
Atlas Shrugged,2,Atlas Shrugged: Part II,2012,3,2.25,2.16,0.09,4.0,better
Atlas Shrugged,3,Atlas Shrugged Part III: Who Is John Galt?,2014,3,2.22,2.16,0.06,3.0,better
Ator,1,"Ator, the Fighting Eagle",1982,4,2.02,2.51,-0.49,-19.0,worse
Ator,2,The Blade Master,1982,4,2.23,2.51,-0.28,-11.0,worse
Ator,3,Iron Warrior,1987,4,3.01,2.51,0.5,20.0,better
Ator,4,Ator IV: The Hobgoblin,1990,4,2.8,2.51,0.29,12.0,better
Attack on Titan (Anime),1,Attack on Titan: Crimson Bow and Arrow,2014,4,4.14,4.25,-0.11,-3.0,worse
Attack on Titan (Anime),2,Attack on Titan: Wings of Freedom,2015,4,4.18,4.25,-0.07,-2.0,worse
Attack on Titan (Anime),3,Attack on Titan: The Roar of Awakening,2018,4,4.24,4.25,-0.01,-0.0,worse
Attack on Titan (Anime),4,Attack on Titan: Chronicle,2020,4,4.43,4.25,0.18,4.0,better
Austin Powers,1,Austin Powers: International Man of Mystery,1997,3,3.38,3.19,0.19,6.0,better
Austin Powers,2,Austin Powers: The Spy Who Shagged Me,1999,3,3.24,3.19,0.05,2.0,better
Austin Powers,3,Austin Powers in Goldmember,2002,3,2.95,3.19,-0.24,-8.0,worse
Avengers Grimm,1,Avengers Grimm,2015,3,2.23,2.42,-0.19,-8.0,worse
Avengers Grimm,2,Sinister Squad,2016,3,2.4,2.42,-0.02,-1.0,worse
Avengers Grimm,3,Avengers Grimm: Time Wars,2018,3,2.64,2.42,0.22,9.0,better
Baaghi,1,Baaghi,2016,3,2.5,2.37,0.13,5.0,better
Baaghi,2,Baaghi 2,2018,3,2.43,2.37,0.06,3.0,better
Baaghi,3,Baaghi 3,2020,3,2.19,2.37,-0.18,-8.0,worse
Baby Oopsie,1,Baby Oopsie,2021,3,2.98,3.04,-0.06,-2.0,worse
Baby Oopsie,2,Baby Oopsie 2: Murder Dolls,2022,3,3.03,3.04,-0.01,-0.0,worse
Baby Oopsie,3,Baby Oopsie 3: Burn Baby Burn,2022,3,3.1,3.04,0.06,2.0,better
Babylon 5,1,Babylon 5: The Gathering,1993,8,3.27,3.26,0.01,0.0,better
Babylon 5,2,Babylon 5: In the Beginning,1998,8,3.48,3.26,0.22,7.0,better
Babylon 5,3,Babylon 5: Thirdspace,1998,8,3.25,3.26,-0.01,-0.0,worse
Babylon 5,4,Babylon 5: The River of Souls,1998,8,3.23,3.26,-0.03,-1.0,worse
Babylon 5,5,Babylon 5: A Call to Arms,1999,8,3.32,3.26,0.06,2.0,better
Babylon 5,6,Babylon 5: The Legend of the Rangers - To Live and Die in Starlight,2002,8,3.02,3.26,-0.24,-7.0,worse
Babylon 5,7,Babylon 5: The Lost Tales - Voices in the Dark,2007,8,3.19,3.26,-0.07,-2.0,worse
Babylon 5,8,Babylon 5: The Road Home,2023,8,3.35,3.26,0.09,3.0,better
Back to the Future,1,Back to the Future,1985,3,4.2,3.85,0.35,9.0,better
Back to the Future,2,Back to the Future Part II,1989,3,3.85,3.85,-0.0,-0.0,equal
Back to the Future,3,Back to the Future Part III,1990,3,3.51,3.85,-0.34,-9.0,worse
Bad Ass,1,Bad Ass,2012,3,2.54,2.71,-0.17,-6.0,worse
Bad Ass,2,Bad Ass 2: Bad Asses,2014,3,2.75,2.71,0.04,1.0,better
Bad Ass,3,Bad Asses on the Bayou,2015,3,2.85,2.71,0.14,5.0,better
Bad Boys,1,Bad Boys,1995,3,3.19,3.07,0.12,4.0,better
Bad Boys,2,Bad Boys II,2003,3,3.12,3.07,0.05,2.0,better
Bad Boys,3,Bad Boys for Life,2020,3,2.9,3.07,-0.17,-6.0,worse
Balas & Bolinhos - Colecção,1,Balas & Bolinhos,2001,3,3.19,3.29,-0.1,-3.0,worse
Balas & Bolinhos - Colecção,2,Balas & Bolinhos: O Regresso,2004,3,3.33,3.29,0.04,1.0,better
Balas & Bolinhos - Colecção,3,Balas & Bolinhos: O Último Capítulo,2012,3,3.36,3.29,0.07,2.0,better
Balto,1,Balto,1995,3,3.41,2.95,0.46,16.0,better
Balto,2,Balto II: Wolf Quest,2002,3,2.79,2.95,-0.16,-5.0,worse
Balto,3,Balto III: Wings of Change,2004,3,2.65,2.95,-0.3,-10.0,worse
Barbershop,1,Barbershop,2002,3,3.13,2.92,0.21,7.0,better
Barbershop,2,Barbershop 2: Back in Business,2004,3,2.81,2.92,-0.11,-4.0,worse
Barbershop,3,Barbershop: The Next Cut,2016,3,2.83,2.92,-0.09,-3.0,worse
Barbie & Kendra,1,Corona Zombies,2020,3,2.06,2.56,-0.5,-20.0,worse
Barbie & Kendra,2,Barbie & Kendra Save the Tiger King,2020,3,2.75,2.56,0.19,7.0,better
Barbie & Kendra,3,Barbie & Kendra Storm Area 51,2020,3,2.88,2.56,0.32,12.0,better
Barbie Fairytopia,1,Barbie: Fairytopia,2005,3,3.33,3.36,-0.03,-1.0,worse
Barbie Fairytopia,2,Barbie Fairytopia: Mermaidia,2006,3,3.51,3.36,0.15,4.0,better
Barbie Fairytopia,3,Barbie Fairytopia: Magic of the Rainbow,2007,3,3.24,3.36,-0.12,-4.0,worse
Barbie and Her Sisters,1,Barbie & Her Sisters in A Pony Tale,2013,3,2.85,2.62,0.23,9.0,better
Barbie and Her Sisters,2,Barbie & Her Sisters in the Great Puppy Adventure,2015,3,2.66,2.62,0.04,2.0,better
Barbie and Her Sisters,3,Barbie & Her Sisters in a Puppy Chase,2016,3,2.36,2.62,-0.26,-10.0,worse
Basket Case Trilogy,1,Basket Case,1982,3,3.26,3.03,0.23,8.0,better
Basket Case Trilogy,2,Basket Case 2,1990,3,3.0,3.03,-0.03,-1.0,worse
Basket Case Trilogy,3,Basket Case 3: The Progeny,1991,3,2.82,3.03,-0.21,-7.0,worse
Batman (DC Universe Animated),1,Batman: Mask of the Phantasm,1993,4,3.99,3.22,0.77,24.0,better
Batman (DC Universe Animated),2,Batman & Mr. Freeze: SubZero,1998,4,3.33,3.22,0.1,3.0,better
Batman (DC Universe Animated),3,Batman: Mystery of the Batwoman,2003,4,3.05,3.22,-0.18,-6.0,worse
Batman (DC Universe Animated),4,Batman and Harley Quinn,2017,4,2.53,3.22,-0.7,-22.0,worse
Batman,1,Batman,1989,4,3.6,2.85,0.75,26.0,better
Batman,2,Batman Returns,1992,4,3.54,2.85,0.69,24.0,better
Batman,3,Batman Forever,1995,4,2.44,2.85,-0.41,-14.0,worse
Batman,4,Batman & Robin,1997,4,1.81,2.85,-1.04,-37.0,worse
Batman Unlimited,1,Batman Unlimited: Animal Instincts,2015,3,2.56,2.61,-0.05,-2.0,worse
Batman Unlimited,2,Batman Unlimited: Monster Mayhem,2015,3,2.55,2.61,-0.06,-2.0,worse
Batman Unlimited,3,Batman Unlimited: Mechs vs. Mutants,2016,3,2.71,2.61,0.1,4.0,better
Battal Gazi [Seri],1,Battal Gazi Destanı,1971,4,3.11,3.07,0.04,1.0,better
Battal Gazi [Seri],2,Battal Gazi'nin İntikamı,1973,4,3.05,3.07,-0.02,-1.0,worse
Battal Gazi [Seri],3,"Defend Yourself, Battal Gazi is Coming",1973,4,3.06,3.07,-0.01,-0.0,worse
Battal Gazi [Seri],4,Battal Gazi'nin Oğlu,1974,4,3.06,3.07,-0.01,-0.0,worse
Battlestar Galactica (Reboot),1,Battlestar Galactica: Razor,2007,3,3.5,3.29,0.21,6.0,better
Battlestar Galactica (Reboot),2,Battlestar Galactica: The Plan,2009,3,3.26,3.29,-0.03,-1.0,worse
Battlestar Galactica (Reboot),3,Battlestar Galactica: Blood & Chrome,2012,3,3.11,3.29,-0.18,-5.0,worse
Baztan Trilogy,1,The Invisible Guardian,2017,3,3.04,2.99,0.05,2.0,better
Baztan Trilogy,2,The Legacy of the Bones,2019,3,3.02,2.99,0.03,1.0,better
Baztan Trilogy,3,Offering to the Storm,2020,3,2.9,2.99,-0.09,-3.0,worse
Beach Party,1,Beach Party,1963,7,2.97,2.95,0.02,1.0,better
Beach Party,2,Muscle Beach Party,1964,7,2.97,2.95,0.02,1.0,better
Beach Party,3,Bikini Beach,1964,7,3.01,2.95,0.06,2.0,better
Beach Party,4,Pajama Party,1964,7,3.02,2.95,0.07,2.0,better
Beach Party,5,Beach Blanket Bingo,1965,7,2.86,2.95,-0.09,-3.0,worse
Beach Party,6,How to Stuff a Wild Bikini,1965,7,2.89,2.95,-0.06,-2.0,worse
Beach Party,7,The Ghost in the Invisible Bikini,1966,7,2.92,2.95,-0.03,-1.0,worse
Beauty and the Beast,1,Beauty and the Beast,1991,3,3.88,2.9,0.98,34.0,better
Beauty and the Beast,2,Beauty and the Beast: The Enchanted Christmas,1997,3,2.63,2.9,-0.27,-9.0,worse
Beauty and the Beast,3,Belle's Magical World,1998,3,2.19,2.9,-0.71,-24.0,worse
Beck - Historien om ett brott (samling),1,Brandbilen som försvann,1993,6,3.25,3.24,0.01,0.0,better
Beck - Historien om ett brott (samling),2,Roseanna,1993,6,3.33,3.24,0.09,3.0,better
Beck - Historien om ett brott (samling),3,Polis polis potatismos,1993,6,3.26,3.24,0.02,1.0,better
Beck - Historien om ett brott (samling),4,Mannen på balkongen,1993,6,3.32,3.24,0.08,2.0,better
Beck - Historien om ett brott (samling),5,Polismördaren,1994,6,3.17,3.24,-0.07,-2.0,worse
Beck - Historien om ett brott (samling),6,Stockholm Marathon,1994,6,3.13,3.24,-0.11,-3.0,worse
Beethoven,1,Beethoven,1992,8,2.74,2.37,0.37,16.0,better
Beethoven,2,Beethoven's 2nd,1993,8,2.5,2.37,0.13,5.0,better
Beethoven,3,Beethoven's 3rd,2000,8,2.19,2.37,-0.18,-8.0,worse
Beethoven,4,Beethoven's 4th,2001,8,2.09,2.37,-0.28,-12.0,worse
Beethoven,5,Beethoven's 5th,2003,8,2.22,2.37,-0.15,-6.0,worse
Beethoven,6,Beethoven's Big Break,2008,8,2.41,2.37,0.04,2.0,better
Beethoven,7,Beethoven's Christmas Adventure,2011,8,2.12,2.37,-0.25,-11.0,worse
Beethoven,8,Beethoven's Treasure Tail,2014,8,2.69,2.37,0.32,14.0,better
Before...,1,Before Sunrise,1995,3,4.34,4.26,0.08,2.0,better
Before...,2,Before Sunset,2004,3,4.35,4.26,0.09,2.0,better
Before...,3,Before Midnight,2013,3,4.09,4.26,-0.17,-4.0,worse
Behind Enemy Lines,1,Behind Enemy Lines,2001,4,2.97,2.82,0.15,5.0,better
Behind Enemy Lines,2,Behind Enemy Lines II: Axis of Evil,2006,4,2.7,2.82,-0.12,-4.0,worse
Behind Enemy Lines,3,Behind Enemy Lines III: Colombia,2009,4,2.74,2.82,-0.08,-3.0,worse
Behind Enemy Lines,4,Seal Team Eight: Behind Enemy Lines,2014,4,2.89,2.82,0.06,2.0,better
Beiyang Trilogy,1,Let the Bullets Fly,2010,3,3.69,3.34,0.35,10.0,better
Beiyang Trilogy,2,Gone with the Bullets,2014,3,3.17,3.34,-0.17,-5.0,worse
Beiyang Trilogy,3,Hidden Man,2018,3,3.16,3.34,-0.18,-5.0,worse
Belle & Sebastian,1,Belle and Sebastian,2013,4,3.27,3.18,0.1,3.0,better
Belle & Sebastian,2,Belle and Sebastian: The Adventure Continues,2015,4,3.17,3.18,-0.0,-0.0,equal
Belle & Sebastian,3,Belle and Sebastian 3: The Last Chapter,2017,4,3.17,3.18,-0.0,-0.0,equal
Belle & Sebastian,4,Belle and Sebastian: Next Generation,2022,4,3.09,3.18,-0.08,-3.0,worse
Berserk: Golden Age Arc,1,Berserk: The Golden Age Arc I - The Egg of the King,2012,3,3.47,3.65,-0.18,-5.0,worse
Berserk: Golden Age Arc,2,Berserk: The Golden Age Arc II - The Battle for Doldrey,2012,3,3.6,3.65,-0.05,-1.0,worse
Berserk: Golden Age Arc,3,Berserk: The Golden Age Arc III - The Advent,2013,3,3.89,3.65,0.24,7.0,better
Best of the Best,1,Best of the Best,1989,4,3.09,2.98,0.11,4.0,better
Best of the Best,2,Best of the Best 2,1993,4,2.92,2.98,-0.06,-2.0,worse
Best of the Best,3,Best of the Best 3: No Turning Back,1995,4,2.98,2.98,-0.0,-0.0,equal
Best of the Best,4,Best of the Best 4: Without Warning,1998,4,2.94,2.98,-0.04,-1.0,worse
Beverly Hills Chihuahua,1,Beverly Hills Chihuahua,2008,3,2.19,2.19,-0.0,-0.0,equal
Beverly Hills Chihuahua,2,Beverly Hills Chihuahua 2,2011,3,2.16,2.19,-0.03,-1.0,worse
Beverly Hills Chihuahua,3,Beverly Hills Chihuahua 3: Viva la Fiesta!,2012,3,2.23,2.19,0.04,2.0,better
Beverly Hills Cop,1,Beverly Hills Cop,1984,3,3.6,3.13,0.47,15.0,better
Beverly Hills Cop,2,Beverly Hills Cop II,1987,3,3.21,3.13,0.08,3.0,better
Beverly Hills Cop,3,Beverly Hills Cop III,1994,3,2.58,3.13,-0.55,-18.0,worse
Beyond the Door,1,Beyond the Door,1974,3,2.73,3.0,-0.27,-9.0,worse
Beyond the Door,2,Shock,1977,3,3.3,3.0,0.3,10.0,better
Beyond the Door,3,Beyond the Door III,1989,3,2.97,3.0,-0.03,-1.0,worse
Bibi & Tina,1,Bibi & Tina,2014,5,2.95,2.87,0.08,3.0,better
Bibi & Tina,2,Bibi & Tina: Bewildered and Bewitched,2014,5,3.0,2.87,0.13,5.0,better
Bibi & Tina,3,Bibi & Tina: Girls vs. Boys,2016,5,2.97,2.87,0.1,3.0,better
Bibi & Tina,4,Bibi & Tina: Perfect Pandemonium,2017,5,2.68,2.87,-0.19,-7.0,worse
Bibi & Tina,5,Bibi & Tina - Einfach anders,2022,5,2.77,2.87,-0.1,-3.0,worse
Big Momma's House,1,Big Momma's House,2000,3,2.41,2.22,0.19,9.0,better
Big Momma's House,2,Big Momma's House 2,2006,3,2.23,2.22,0.01,0.0,better
Big Momma's House,3,"Big Mommas: Like Father, Like Son",2011,3,2.03,2.22,-0.19,-9.0,worse
Bill & Ted's Most Excellent,1,Bill & Ted's Excellent Adventure,1989,3,3.63,3.3,0.33,10.0,better
Bill & Ted's Most Excellent,2,Bill & Ted's Bogus Journey,1991,3,3.28,3.3,-0.02,-1.0,worse
Bill & Ted's Most Excellent,3,Bill & Ted Face the Music,2020,3,3.0,3.3,-0.3,-9.0,worse
Billy Jack,1,The Born Losers,1967,4,3.06,3.0,0.06,2.0,better
Billy Jack,2,Billy Jack,1971,4,3.09,3.0,0.09,3.0,better
Billy Jack,3,The Trial of Billy Jack,1974,4,2.94,3.0,-0.06,-2.0,worse
Billy Jack,4,Billy Jack Goes to Washington,1977,4,2.89,3.0,-0.1,-3.0,worse
Bionicle,1,Bionicle: Mask of Light,2003,4,2.88,2.81,0.07,2.0,better
Bionicle,2,Bionicle 2: Legends of Metru Nui,2004,4,2.93,2.81,0.12,4.0,better
Bionicle,3,Bionicle 3: Web of Shadows,2005,4,2.83,2.81,0.02,1.0,better
Bionicle,4,Bionicle: The Legend Reborn,2009,4,2.6,2.81,-0.21,-7.0,worse
Birdemic,1,Birdemic: Shock and Terror,2010,3,1.59,1.78,-0.19,-11.0,worse
Birdemic,2,Birdemic 2: The Resurrection,2013,3,1.52,1.78,-0.26,-15.0,worse
Birdemic,3,Birdemic 3: Sea Eagle,2022,3,2.23,1.78,0.45,25.0,better
Birds of a Feather,1,La Cage aux Folles,1978,3,3.59,3.25,0.34,10.0,better
Birds of a Feather,2,La Cage aux Folles II,1980,3,3.1,3.25,-0.15,-5.0,worse
Birds of a Feather,3,La Cage aux Folles 3: The Wedding,1985,3,3.07,3.25,-0.18,-6.0,worse
Black Society,1,Shinjuku Triad Society,1995,3,3.33,3.48,-0.15,-4.0,worse
Black Society,2,Rainy Dog,1997,3,3.54,3.48,0.06,2.0,better
Black Society,3,Ley Lines,1999,3,3.57,3.48,0.09,3.0,better
Blade,1,Blade,1998,3,3.4,2.97,0.43,14.0,better
Blade,2,Blade II,2002,3,3.24,2.97,0.27,9.0,better
Blade,3,Blade: Trinity,2004,3,2.27,2.97,-0.7,-24.0,worse
Blair Witch,1,The Blair Witch Project,1999,3,3.31,2.52,0.79,31.0,better
Blair Witch,2,Book of Shadows: Blair Witch 2,2000,3,1.92,2.52,-0.6,-24.0,worse
Blair Witch,3,Blair Witch,2016,3,2.33,2.52,-0.19,-8.0,worse
Bleach,1,Bleach the Movie: Memories of Nobody,2006,4,3.16,3.16,-0.0,-0.0,equal
Bleach,2,Bleach the Movie: The DiamondDust Rebellion,2007,4,3.08,3.16,-0.08,-3.0,worse
Bleach,3,Bleach the Movie: Fade to Black,2008,4,3.17,3.16,0.0,0.0,equal
Bleach,4,Bleach the Movie: Hell Verse,2010,4,3.25,3.16,0.08,3.0,better
Blood Feast,1,Blood Feast,1963,4,2.74,2.85,-0.11,-4.0,worse
Blood Feast,2,Blood Diner,1987,4,3.0,2.85,0.15,5.0,better
Blood Feast,3,Blood Feast 2: All U Can Eat,2002,4,3.02,2.85,0.17,6.0,better
Blood Feast,4,Blood Feast,2016,4,2.63,2.85,-0.22,-8.0,worse
Blood Island,1,Terror Is a Man,1959,4,3.06,2.93,0.13,4.0,better
Blood Island,2,Brides of Blood,1968,4,2.9,2.93,-0.03,-1.0,worse
Blood Island,3,Mad Doctor of Blood Island,1969,4,2.84,2.93,-0.09,-3.0,worse
Blood Island,4,Beast of Blood,1970,4,2.91,2.93,-0.02,-1.0,worse
BloodRayne,1,BloodRayne,2005,3,1.6,1.61,-0.01,-1.0,worse
BloodRayne,2,BloodRayne 2: Deliverance,2007,3,1.59,1.61,-0.02,-1.0,worse
BloodRayne,3,BloodRayne: The Third Reich,2010,3,1.63,1.61,0.02,1.0,better
Bloodsport,1,Bloodsport,1988,4,3.33,2.89,0.44,15.0,better
Bloodsport,2,Bloodsport II,1996,4,2.84,2.89,-0.05,-2.0,worse
Bloodsport,3,Bloodsport III,1996,4,2.75,2.89,-0.14,-5.0,worse
Bloodsport,4,Bloodsport: The Dark Kumite,1999,4,2.65,2.89,-0.24,-8.0,worse
Bon Bini Holland,1,Bon Bini Holland,2015,4,2.96,2.97,-0.01,-0.0,worse
Bon Bini Holland,2,Bon Bini Holland 2,2018,4,3.0,2.97,0.03,1.0,better
Bon Bini Holland,3,Bon Bini: Judeska in da House,2020,4,3.0,2.97,0.03,1.0,better
Bon Bini Holland,4,Bon Bini Holland 3,2022,4,2.92,2.97,-0.05,-2.0,worse
Boogeyman,1,Boogeyman,2005,3,1.92,2.2,-0.28,-13.0,worse
Boogeyman,2,Boogeyman 2,2007,3,2.44,2.2,0.24,11.0,better
Boogeyman,3,Boogeyman 3,2008,3,2.25,2.2,0.05,2.0,better
Bridget Jones,1,Bridget Jones's Diary,2001,3,3.39,3.07,0.32,10.0,better
Bridget Jones,2,Bridget Jones: The Edge of Reason,2004,3,2.89,3.07,-0.18,-6.0,worse
Bridget Jones,3,Bridget Jones's Baby,2016,3,2.92,3.07,-0.15,-5.0,worse
Bring It On,1,Bring It On,2000,7,3.3,2.46,0.84,34.0,better
Bring It On,2,Bring It On Again,2004,7,2.3,2.46,-0.16,-7.0,worse
Bring It On,3,Bring It On: All or Nothing,2006,7,2.94,2.46,0.48,20.0,better
Bring It On,4,Bring It On: In It to Win It,2007,7,2.55,2.46,0.09,4.0,better
Bring It On,5,Bring It On: Fight to the Finish,2009,7,2.49,2.46,0.03,1.0,better
Bring It On,6,Bring It On: Worldwide #Cheersmack,2017,7,1.72,2.46,-0.74,-30.0,worse
Bring It On,7,Bring It On: Cheer Or Die,2022,7,1.93,2.46,-0.53,-22.0,worse
Bruno & Boots -,1,Bruno & Boots: Go Jump in the Pool,2016,3,3.18,3.15,0.03,1.0,better
Bruno & Boots -,2,Bruno & Boots: The Wizzle War,2017,3,3.1,3.15,-0.05,-2.0,worse
Bruno & Boots -,3,Bruno & Boots: This Can't Be Happening at Macdonald Hall,2017,3,3.18,3.15,0.03,1.0,better
Bunnyman,1,Bunnyman,2011,3,2.27,2.43,-0.16,-7.0,worse
Bunnyman,2,The Bunnyman Massacre,2014,3,2.35,2.43,-0.08,-3.0,worse
Bunnyman,3,Bunnyman Vengeance,2017,3,2.67,2.43,0.24,10.0,better
Burnt by the Sun Trilogy,1,Burnt by the Sun,1994,3,3.83,3.21,0.62,19.0,better
Burnt by the Sun Trilogy,2,Burnt by the Sun 2: Exodus,2010,3,2.88,3.21,-0.33,-10.0,worse
Burnt by the Sun Trilogy,3,Burnt by the Sun 2: Citadel,2011,3,2.92,3.21,-0.29,-9.0,worse
Børning,1,Burnout,2014,3,3.12,2.96,0.16,5.0,better
Børning,2,Burnout 2,2016,3,3.07,2.96,0.11,4.0,better
Børning,3,Asphalt Burning,2020,3,2.7,2.96,-0.26,-9.0,worse
CKY,1,CKY,1999,3,3.45,3.44,0.01,0.0,better
CKY,2,CKY 3,2001,3,3.44,3.44,-0.0,-0.0,equal
CKY,3,CKY 4: The Latest & Greatest,2003,3,3.44,3.44,-0.0,-0.0,equal
Cabin Fever,1,Cabin Fever,2002,3,2.75,2.3,0.45,20.0,better
Cabin Fever,2,Cabin Fever 2: Spring Fever,2009,3,2.17,2.3,-0.13,-6.0,worse
Cabin Fever,3,Cabin Fever: Patient Zero,2014,3,1.99,2.3,-0.31,-13.0,worse
Calcutta Trilogy,1,The Adversary,1970,3,3.91,3.75,0.16,4.0,better
Calcutta Trilogy,1,Interview,1971,3,3.77,3.75,0.02,1.0,better
Calcutta Trilogy,2,Company Limited,1971,3,3.63,3.75,-0.12,-3.0,worse
Calcutta Trilogy,2,Calcutta 71,1972,3,3.75,3.75,-0.0,-0.0,equal
Calcutta Trilogy,3,The Middleman,1975,3,3.84,3.75,0.09,2.0,better
Calcutta Trilogy,3,Padatik,1973,3,3.61,3.75,-0.14,-4.0,worse
Camping,1,Camping,2006,3,2.85,2.72,0.13,5.0,better
Camping,2,Camping 2,2010,3,2.7,2.72,-0.02,-1.0,worse
Camping,3,Camping 3,2016,3,2.61,2.72,-0.11,-4.0,worse
Candyman,1,Candyman,1992,4,3.63,2.77,0.86,31.0,better
Candyman,2,Candyman: Farewell to the Flesh,1995,4,2.59,2.77,-0.18,-6.0,worse
Candyman,3,Candyman: Day of the Dead,1999,4,1.77,2.77,-1.0,-36.0,worse
Candyman,4,Candyman,2021,4,3.09,2.77,0.32,12.0,better
Cannonball Run,1,The Cannonball Run,1981,3,3.02,2.74,0.28,10.0,better
Cannonball Run,2,Cannonball Run II,1984,3,2.56,2.74,-0.18,-7.0,worse
Cannonball Run,3,Speed Zone,1989,3,2.64,2.74,-0.1,-4.0,worse
Captain America,1,Captain America: The First Avenger,2011,3,3.25,3.51,-0.26,-7.0,worse
Captain America,2,Captain America: The Winter Soldier,2014,3,3.72,3.51,0.21,6.0,better
Captain America,3,Captain America: Civil War,2016,3,3.56,3.51,0.05,1.0,better
Captain Underpants,1,Captain Underpants: The First Epic Movie,2017,3,3.01,3.05,-0.04,-1.0,worse
Captain Underpants,2,The Spooky Tale of Captain Underpants: Hack-a-ween,2019,3,3.1,3.05,0.05,2.0,better
Captain Underpants,3,Captain Underpants: Mega Blissmas,2020,3,3.04,3.05,-0.01,-0.0,worse
Care Bears,1,The Care Bears Movie,1985,4,2.93,3.03,-0.1,-3.0,worse
Care Bears,2,Care Bears Movie II: A New Generation,1986,4,2.94,3.03,-0.09,-3.0,worse
Care Bears,3,The Care Bears Adventure in Wonderland,1987,4,3.13,3.03,0.1,3.0,better
Care Bears,4,Care Bears Nutcracker Suite,1988,4,3.13,3.03,0.1,3.0,better
Cars,1,Cars,2006,3,3.6,3.04,0.56,18.0,better
Cars,2,Cars 2,2011,3,2.6,3.04,-0.44,-14.0,worse
Cars,3,Cars 3,2017,3,2.92,3.04,-0.12,-4.0,worse
Casper,1,Casper,1995,3,2.98,2.65,0.33,12.0,better
Casper,2,Casper: A Spirited Beginning,1997,3,2.3,2.65,-0.35,-13.0,worse
Casper,3,Casper Meets Wendy,1998,3,2.66,2.65,0.01,0.0,better
Cats & Dogs,1,Cats & Dogs,2001,3,2.27,2.03,0.24,12.0,better
Cats & Dogs,2,Cats & Dogs: The Revenge of Kitty Galore,2010,3,1.96,2.03,-0.07,-3.0,worse
Cats & Dogs,3,Cats & Dogs 3: Paws Unite,2020,3,1.87,2.03,-0.16,-8.0,worse
Center Stage,1,Center Stage,2000,3,3.33,3.02,0.31,10.0,better
Center Stage,2,Center Stage: Turn It Up,2008,3,2.86,3.02,-0.16,-5.0,worse
Center Stage,3,Center Stage: On Pointe,2016,3,2.87,3.02,-0.15,-5.0,worse
Cetto La Qualunque - Collezione,1,Whatsoeverly,2011,3,3.15,3.0,0.15,5.0,better
Cetto La Qualunque - Collezione,2,Everything Everything Nothing Nothing,2012,3,2.92,3.0,-0.08,-3.0,worse
Cetto La Qualunque - Collezione,3,"Cetto c'è, senzadubbiamente",2019,3,2.92,3.0,-0.08,-3.0,worse
Chandramukhi,1,Chandramukhi,2005,3,3.49,2.84,0.65,23.0,better
Chandramukhi,2,Nagavalli,2010,3,2.78,2.84,-0.06,-2.0,worse
Chandramukhi,3,Chandramukhi 2,2023,3,2.24,2.84,-0.6,-21.0,worse
Charter Trips,1,Package Tour,1980,6,3.44,3.22,0.22,7.0,better
Charter Trips,2,Snowroller,1985,6,3.4,3.22,0.18,6.0,better
Charter Trips,3,Swedes at Sea,1988,6,3.3,3.22,0.08,2.0,better
Charter Trips,4,The Accidental Golfer,1991,6,3.21,3.22,-0.01,-0.0,worse
Charter Trips,5,The Health Journey,1999,6,2.95,3.22,-0.27,-8.0,worse
Charter Trips,6,The Stig-Helmer Story,2011,6,3.0,3.22,-0.22,-7.0,worse
Cheech & Chong,1,Up in Smoke,1978,8,3.37,2.94,0.43,15.0,better
Cheech & Chong,2,Cheech & Chong's Next Movie,1980,8,3.03,2.94,0.09,3.0,better
Cheech & Chong,3,Nice Dreams,1981,8,2.95,2.94,0.01,0.0,better
Cheech & Chong,4,Things Are Tough All Over,1982,8,2.97,2.94,0.03,1.0,better
Cheech & Chong,5,Still Smokin,1983,8,2.7,2.94,-0.24,-8.0,worse
Cheech & Chong,6,Cheech & Chong's The Corsican Brothers,1984,8,2.52,2.94,-0.42,-14.0,worse
Cheech & Chong,7,Get Out of My Room,1985,8,3.01,2.94,0.07,2.0,better
Cheech & Chong,8,Cheech & Chong's Animated Movie,2013,8,2.94,2.94,0.0,0.0,equal
Chihayafuru,1,Chihayafuru: Part I,2016,3,3.46,3.5,-0.04,-1.0,worse
Chihayafuru,2,Chihayafuru: Part II,2016,3,3.47,3.5,-0.03,-1.0,worse
Chihayafuru,3,Chihayafuru: Part III,2018,3,3.57,3.5,0.07,2.0,better
Child's Play,1,Child's Play,1988,7,3.31,2.85,0.46,16.0,better
Child's Play,2,Child's Play 2,1990,7,3.19,2.85,0.34,12.0,better
Child's Play,3,Child's Play 3,1991,7,2.51,2.85,-0.34,-12.0,worse
Child's Play,4,Bride of Chucky,1998,7,3.07,2.85,0.22,8.0,better
Child's Play,5,Seed of Chucky,2004,7,2.52,2.85,-0.33,-12.0,worse
Child's Play,6,Curse of Chucky,2013,7,2.73,2.85,-0.12,-4.0,worse
Child's Play,7,Cult of Chucky,2017,7,2.63,2.85,-0.22,-8.0,worse
Christmas in Evergreen,1,Christmas in Evergreen,2017,4,2.85,2.93,-0.08,-3.0,worse
Christmas in Evergreen,2,Christmas in Evergreen: Letters to Santa,2018,4,3.01,2.93,0.08,3.0,better
Christmas in Evergreen,3,Christmas In Evergreen: Tidings of Joy,2019,4,2.94,2.93,0.01,0.0,better
Christmas in Evergreen,4,Christmas in Evergreen: Bells Are Ringing,2020,4,2.92,2.93,-0.01,-0.0,worse
Cinderella,1,Cinderella,1950,3,3.47,3.02,0.45,15.0,better
Cinderella,2,Cinderella II: Dreams Come True,2002,3,2.5,3.02,-0.52,-17.0,worse
Cinderella,3,Cinderella III: A Twist in Time,2007,3,3.1,3.02,0.08,3.0,better
Cinderella Story,1,A Cinderella Story,2004,6,3.13,2.53,0.6,24.0,better
Cinderella Story,2,Another Cinderella Story,2008,6,2.94,2.53,0.41,16.0,better
Cinderella Story,3,A Cinderella Story: Once Upon a Song,2011,6,2.54,2.53,0.01,0.0,better
Cinderella Story,4,A Cinderella Story: If the Shoe Fits,2016,6,2.24,2.53,-0.29,-11.0,worse
Cinderella Story,5,A Cinderella Story: Christmas Wish,2019,6,1.92,2.53,-0.61,-24.0,worse
Cinderella Story,6,A Cinderella Story: Starstruck,2021,6,2.4,2.53,-0.13,-5.0,worse
Cine Gibi,1,Cine Gibi: O Filme,2004,9,3.67,3.51,0.16,5.0,better
Cine Gibi,2,Cine Gibi 2,2005,9,3.57,3.51,0.06,2.0,better
Cine Gibi,3,Cine Gibi 3: Planos Infalíveis,2008,9,3.57,3.51,0.06,2.0,better
Cine Gibi,4,Cine Gibi 4: Meninos e Meninas,2009,9,3.56,3.51,0.05,1.0,better
Cine Gibi,5,"Cine Gibi 5: Luz, Câmera, Ação!",2010,9,3.51,3.51,-0.0,-0.0,equal
Cine Gibi,6,Cine Gibi 6: Hora do Banho,2013,9,3.44,3.51,-0.07,-2.0,worse
Cine Gibi,7,Cine Gibi 7: Bagunça Animal,2014,9,3.39,3.51,-0.12,-3.0,worse
Cine Gibi,8,Cine Gibi 8: ...Tá Brincando?,2015,9,3.45,3.51,-0.06,-2.0,worse
Cine Gibi,9,Cine Gibi 9: Vamos Fazer de Conta!,2016,9,3.44,3.51,-0.07,-2.0,worse
Class of 1999,1,Class of 1984,1982,3,3.26,3.02,0.24,8.0,better
Class of 1999,2,Class of 1999,1990,3,3.2,3.02,0.18,6.0,better
Class of 1999,3,Class of 1999 II: The Substitute,1994,3,2.61,3.02,-0.41,-14.0,worse
Class of Nuke 'Em High,1,Class of Nuke 'Em High,1986,5,3.04,2.88,0.16,6.0,better
Class of Nuke 'Em High,2,Class of Nuke 'Em High 2: Subhumanoid Meltdown,1991,5,2.66,2.88,-0.22,-8.0,worse
Class of Nuke 'Em High,3,"Class of Nuke 'Em High 3: The Good, the Bad and the Subhumanoid",1994,5,2.73,2.88,-0.15,-5.0,worse
Class of Nuke 'Em High,4,Return to Nuke 'Em High Volume 1,2013,5,2.94,2.88,0.06,2.0,better
Class of Nuke 'Em High,5,Return to... Return to Nuke 'Em High aka Vol. 2,2017,5,3.02,2.88,0.14,5.0,better
Claus Family,1,The Claus Family,2020,3,2.27,2.67,-0.4,-15.0,worse
Claus Family,2,The Claus Family 2,2021,3,2.92,2.67,0.25,9.0,better
Claus Family,3,The Claus Family 3,2022,3,2.82,2.67,0.15,6.0,better
Clerks,1,Clerks,1994,3,3.81,3.38,0.43,13.0,better
Clerks,2,Clerks II,2006,3,3.26,3.38,-0.12,-4.0,worse
Clerks,3,Clerks III,2022,3,3.07,3.38,-0.31,-9.0,worse
Code Geass: Akito the Exiled,1,Code Geass: Akito the Exiled 1: The Wyvern Arrives,2012,5,3.19,3.19,0.0,0.0,equal
Code Geass: Akito the Exiled,2,Code Geass: Akito the Exiled 2: The Wyvern Divided,2013,5,3.22,3.19,0.03,1.0,better
Code Geass: Akito the Exiled,3,Code Geass: Akito the Exiled 3: The Brightness Falls,2015,5,3.2,3.19,0.01,0.0,better
Code Geass: Akito the Exiled,4,Code Geass: Akito the Exiled 4: Memories of Hatred,2015,5,3.19,3.19,0.0,0.0,equal
Code Geass: Akito the Exiled,5,Code Geass: Akito the Exiled 5: To Beloved Ones,2016,5,3.15,3.19,-0.04,-1.0,worse
Code Geass: Lelouch of the Rebellion Recap Film Trilogy,1,Code Geass: Lelouch of the Rebellion – Initiation,2017,3,3.65,3.56,0.09,3.0,better
Code Geass: Lelouch of the Rebellion Recap Film Trilogy,2,Code Geass: Lelouch of the Rebellion – Transgression,2018,3,3.43,3.56,-0.13,-4.0,worse
Code Geass: Lelouch of the Rebellion Recap Film Trilogy,3,Code Geass: Lelouch of the Rebellion – Glorification,2018,3,3.59,3.56,0.03,1.0,better
Coffin Joe Trilogy,1,At Midnight I'll Take Your Soul,1964,3,3.58,3.5,0.08,2.0,better
Coffin Joe Trilogy,2,This Night I'll Possess Your Corpse,1967,3,3.7,3.5,0.2,6.0,better
Coffin Joe Trilogy,3,Embodiment of Evil,2008,3,3.22,3.5,-0.28,-8.0,worse
Cold Prey,1,Cold Prey,2006,3,3.04,2.93,0.11,4.0,better
Cold Prey,2,Cold Prey II,2008,3,3.11,2.93,0.18,6.0,better
Cold Prey,3,Cold Prey III,2010,3,2.63,2.93,-0.3,-10.0,worse
Comic 8 -,1,Comic 8,2014,3,3.08,2.98,0.1,3.0,better
Comic 8 -,2,Comic 8: Casino Kings - Part 1,2015,3,2.97,2.98,-0.01,-0.0,worse
Comic 8 -,3,Comic 8: Casino Kings - Part 2,2016,3,2.88,2.98,-0.1,-3.0,worse
Commando,1,Commando - A One Man Army,2013,3,3.06,2.94,0.12,4.0,better
Commando,2,Commando 2 - The Black Money Trail,2017,3,2.87,2.94,-0.07,-2.0,worse
Commando,3,Commando 3,2019,3,2.9,2.94,-0.04,-1.0,worse
Crazy,1,Crazy Stone,2006,3,3.6,3.39,0.21,6.0,better
Crazy,2,Crazy Racer,2009,3,3.55,3.39,0.16,5.0,better
Crazy,3,Crazy Alien,2019,3,3.03,3.39,-0.36,-11.0,worse
Creature From The Black Lagoon,1,Creature from the Black Lagoon,1954,3,3.54,3.06,0.48,16.0,better
Creature From The Black Lagoon,2,Revenge of the Creature,1955,3,2.92,3.06,-0.14,-5.0,worse
Creature From The Black Lagoon,3,The Creature Walks Among Us,1956,3,2.73,3.06,-0.33,-11.0,worse
Creed,1,Creed,2015,3,3.81,3.6,0.21,6.0,better
Creed,2,Creed II,2018,3,3.51,3.6,-0.09,-2.0,worse
Creed,3,Creed III,2023,3,3.49,3.6,-0.11,-3.0,worse
Creepshow,1,Creepshow,1982,3,3.53,2.72,0.81,30.0,better
Creepshow,2,Creepshow 2,1987,3,3.0,2.72,0.28,10.0,better
Creepshow,3,Creepshow 3,2006,3,1.62,2.72,-1.1,-40.0,worse
Crimes of the South,1,Perdida,2018,3,2.43,2.41,0.02,1.0,better
Crimes of the South,2,Intuition,2020,3,2.5,2.41,0.09,4.0,better
Crimes of the South,3,Recurrence,2022,3,2.31,2.41,-0.1,-4.0,worse
Critters,1,Critters,1986,5,3.04,2.51,0.53,21.0,better
Critters,2,Critters 2,1988,5,3.01,2.51,0.5,20.0,better
Critters,3,Critters 3,1991,5,2.37,2.51,-0.14,-6.0,worse
Critters,4,Critters 4,1992,5,2.08,2.51,-0.43,-17.0,worse
Critters,5,Critters Attack!,2019,5,2.06,2.51,-0.45,-18.0,worse
Crocodile Dundee,1,Crocodile Dundee,1986,3,3.04,2.59,0.45,17.0,better
Crocodile Dundee,2,Crocodile Dundee II,1988,3,2.62,2.59,0.03,1.0,better
Crocodile Dundee,3,Crocodile Dundee in Los Angeles,2001,3,2.12,2.59,-0.47,-18.0,worse
Crows,1,Crows Zero,2007,3,3.53,3.32,0.21,6.0,better
Crows,2,Crows Zero II,2009,3,3.51,3.32,0.19,6.0,better
Crows,3,Crows Explode,2014,3,2.93,3.32,-0.39,-12.0,worse
Cruel Intentions,1,Cruel Intentions,1999,3,3.24,2.41,0.83,34.0,better
Cruel Intentions,2,Cruel Intentions 2,2001,3,2.04,2.41,-0.37,-15.0,worse
Cruel Intentions,3,Cruel Intentions 3,2004,3,1.95,2.41,-0.46,-19.0,worse
Cube,1,Cube,1997,3,3.26,2.67,0.59,22.0,better
Cube,2,Cube 2: Hypercube,2002,3,2.3,2.67,-0.37,-14.0,worse
Cube,3,Cube Zero,2004,3,2.44,2.67,-0.23,-9.0,worse
Dabangg,1,Dabangg,2010,3,2.68,2.3,0.38,17.0,better
Dabangg,2,Dabangg 2,2012,3,2.18,2.3,-0.12,-5.0,worse
Dabangg,3,Dabangg 3,2019,3,2.04,2.3,-0.26,-11.0,worse
Dabbe [Seri],1,D@bbe,2006,6,2.57,2.67,-0.1,-4.0,worse
Dabbe [Seri],2,D@bbe 2,2009,6,2.39,2.67,-0.28,-10.0,worse
Dabbe [Seri],3,D@bbe: Demon Possession,2012,6,2.71,2.67,0.04,1.0,better
Dabbe [Seri],4,Dabbe: The Possession,2013,6,3.01,2.67,0.34,13.0,better
Dabbe [Seri],5,D@bbe 5: Curse of the Jinn,2014,6,2.65,2.67,-0.02,-1.0,worse
Dabbe [Seri],6,D@bbe 6: The Return,2015,6,2.7,2.67,0.03,1.0,better
Daddy Day Camp,1,Daddy Day Care,2003,3,2.75,2.31,0.44,19.0,better
Daddy Day Camp,2,Daddy Day Camp,2007,3,1.75,2.31,-0.56,-24.0,worse
Daddy Day Camp,3,Grand-Daddy Day Care,2019,3,2.43,2.31,0.12,5.0,better
Daimajin Trilogy,1,Daimajin,1966,3,3.49,3.35,0.14,4.0,better
Daimajin Trilogy,2,Return of Giant Majin,1966,3,3.28,3.35,-0.07,-2.0,worse
Daimajin Trilogy,3,Wrath of Daimajin,1966,3,3.29,3.35,-0.06,-2.0,worse
Danur,1,Danur,2017,3,2.84,2.89,-0.05,-2.0,worse
Danur,2,Danur 2: Maddah,2018,3,2.96,2.89,0.07,2.0,better
Danur,3,Danur 3: Sunyaruri,2019,3,2.86,2.89,-0.03,-1.0,worse
Dark Web,1,Dark Web,2017,3,2.78,2.57,0.21,8.0,better
Dark Web,2,Dark Web: Cicada 3301,2021,3,2.44,2.57,-0.13,-5.0,worse
Dark Web,3,Dark Web: Descent Into Hell,2021,3,2.5,2.57,-0.07,-3.0,worse
Darkman,1,Darkman,1990,3,3.35,2.73,0.62,23.0,better
Darkman,2,Darkman II: The Return of Durant,1995,3,2.47,2.73,-0.26,-10.0,worse
Darkman,3,Darkman III: Die Darkman Die,1996,3,2.38,2.73,-0.35,-13.0,worse
Das Sams,1,The Slurb,2001,3,2.99,2.92,0.07,2.0,better
Das Sams,2,Sams in Gefahr,2003,3,2.88,2.92,-0.04,-1.0,worse
Das Sams,3,Sams im Glück,2012,3,2.9,2.92,-0.02,-1.0,worse
De Pernas Pro Ar - Coleção,1,Head Over Heels,2010,3,2.97,2.93,0.04,1.0,better
De Pernas Pro Ar - Coleção,2,De Pernas pro Ar 2,2012,3,2.92,2.93,-0.01,-0.0,worse
De Pernas Pro Ar - Coleção,3,De Pernas pro Ar 3,2019,3,2.9,2.93,-0.03,-1.0,worse
Dead River,1,Offspring,2009,3,2.6,2.8,-0.2,-7.0,worse
Dead River,2,The Woman,2011,3,3.08,2.8,0.28,10.0,better
Dead River,3,Darlin',2019,3,2.73,2.8,-0.07,-2.0,worse
Dead or Alive,1,Dead or Alive,1999,3,3.48,3.34,0.14,4.0,better
Dead or Alive,2,Dead or Alive 2: Birds,2000,3,3.65,3.34,0.31,9.0,better
Dead or Alive,3,Dead or Alive: Final,2002,3,2.89,3.34,-0.45,-13.0,worse
Dear Nathan,1,Dear Nathan,2017,3,3.09,3.14,-0.05,-2.0,worse
Dear Nathan,2,Dear Nathan: Hello Salma,2018,3,3.15,3.14,0.01,0.0,better
Dear Nathan,3,Dear Nathan: Thank You Salma,2022,3,3.19,3.14,0.05,2.0,better
Death Note,1,Death Note: The Last Name,2006,4,3.16,2.94,0.22,7.0,better
Death Note,2,Death Note,2006,4,3.12,2.94,0.18,6.0,better
Death Note,3,Death Note: L Change the World,2008,4,2.76,2.94,-0.18,-6.0,worse
Death Note,4,Death Note: Light Up the New World,2016,4,2.72,2.94,-0.22,-7.0,worse
Death Race,1,Death Race,2008,4,2.68,2.41,0.27,11.0,better
Death Race,2,Death Race 2,2010,4,2.3,2.41,-0.11,-5.0,worse
Death Race,3,Death Race: Inferno,2013,4,2.27,2.41,-0.14,-6.0,worse
Death Race,4,Death Race: Beyond Anarchy,2018,4,2.39,2.41,-0.02,-1.0,worse
Death Wish,1,Death Wish,1974,5,3.33,2.93,0.4,14.0,better
Death Wish,2,Death Wish II,1982,5,2.91,2.93,-0.02,-1.0,worse
Death Wish,3,Death Wish 3,1985,5,3.17,2.93,0.24,8.0,better
Death Wish,4,Death Wish 4: The Crackdown,1987,5,2.79,2.93,-0.14,-5.0,worse
Death Wish,5,Death Wish V: The Face of Death,1994,5,2.45,2.93,-0.48,-16.0,worse
Deathstalker,1,Deathstalker,1983,4,2.36,2.54,-0.18,-7.0,worse
Deathstalker,2,Deathstalker II,1987,4,2.73,2.54,0.19,7.0,better
Deathstalker,3,Deathstalker and the Warriors from Hell,1988,4,2.27,2.54,-0.27,-11.0,worse
Deathstalker,4,Deathstalker IV: Match of Titans,1991,4,2.8,2.54,0.26,10.0,better
Deep Blue Sea,1,Deep Blue Sea,1999,3,2.8,2.28,0.52,23.0,better
Deep Blue Sea,2,Deep Blue Sea 2,2018,3,1.72,2.28,-0.56,-25.0,worse
Deep Blue Sea,3,Deep Blue Sea 3,2020,3,2.31,2.28,0.03,1.0,better
Dennis the Menace,1,Dennis the Menace,1993,3,2.58,2.4,0.18,7.0,better
Dennis the Menace,2,Dennis the Menace Strikes Again!,1998,3,2.11,2.4,-0.29,-12.0,worse
Dennis the Menace,3,A Dennis the Menace Christmas,2007,3,2.52,2.4,0.12,5.0,better
Department Q,1,The Keeper of Lost Causes,2013,5,3.44,3.34,0.1,3.0,better
Department Q,2,The Absent One,2014,5,3.44,3.34,0.1,3.0,better
Department Q,3,A Conspiracy of Faith,2016,5,3.43,3.34,0.09,3.0,better
Department Q,4,The Purity of Vengeance,2018,5,3.56,3.34,0.22,7.0,better
Department Q,5,The Marco Effect,2021,5,2.84,3.34,-0.5,-15.0,worse
Deportees,1,Deportees,2007,3,2.41,1.88,0.53,28.0,better
Deportees,2,Deportees 2,2009,3,1.77,1.88,-0.11,-6.0,worse
Deportees,3,Deportees 3,2011,3,1.45,1.88,-0.43,-23.0,worse
Descendants,1,Descendants,2015,3,2.83,2.73,0.1,4.0,better
Descendants,2,Descendants 2,2017,3,2.74,2.73,0.01,0.0,better
Descendants,3,Descendants 3,2019,3,2.61,2.73,-0.12,-4.0,worse
Despicable Me,1,Despicable Me,2010,3,3.48,3.0,0.48,16.0,better
Despicable Me,2,Despicable Me 2,2013,3,3.04,3.0,0.04,1.0,better
Despicable Me,3,Despicable Me 3,2017,3,2.48,3.0,-0.52,-17.0,worse
Detective Chinatown,1,Detective Chinatown,2015,3,3.21,2.97,0.24,8.0,better
Detective Chinatown,2,Detective Chinatown 2,2018,3,2.9,2.97,-0.07,-2.0,worse
Detective Chinatown,3,Detective Chinatown 3,2021,3,2.81,2.97,-0.16,-5.0,worse
Detective Dee (Tsui Hark),1,Detective Dee and the Mystery of the Phantom Flame,2010,3,3.3,3.27,0.03,1.0,better
Detective Dee (Tsui Hark),2,Young Detective Dee: Rise of the Sea Dragon,2013,3,3.24,3.27,-0.03,-1.0,worse
Detective Dee (Tsui Hark),3,Detective Dee: The Four Heavenly Kings,2018,3,3.27,3.27,0.0,0.0,equal
Detective K,1,Detective K: Secret of Virtuous Widow,2011,3,3.02,3.04,-0.02,-1.0,worse
Detective K,2,Detective K: Secret of the Lost Island,2015,3,3.08,3.04,0.04,1.0,better
Detective K,3,Detective K: Secret of the Living Dead,2018,3,3.01,3.04,-0.03,-1.0,worse
Detective Knight,1,Detective Knight: Rogue,2022,3,2.4,2.51,-0.11,-4.0,worse
Detective Knight,2,Detective Knight: Redemption,2022,3,2.6,2.51,0.09,4.0,better
Detective Knight,3,Detective Knight: Independence,2023,3,2.52,2.51,0.01,0.0,better
Dexter Riley,1,The Computer Wore Tennis Shoes,1969,3,2.88,2.95,-0.07,-2.0,worse
Dexter Riley,2,"Now You See Him, Now You Don't",1972,3,3.18,2.95,0.23,8.0,better
Dexter Riley,3,The Strongest Man in the World,1975,3,2.79,2.95,-0.16,-5.0,worse
Dhamaal,1,Dhamaal,2007,3,3.43,2.81,0.62,22.0,better
Dhamaal,2,Double Dhamaal,2011,3,2.57,2.81,-0.24,-9.0,worse
Dhamaal,3,Total Dhamaal,2019,3,2.43,2.81,-0.38,-14.0,worse
Dhoom,1,Dhoom,2004,3,2.92,2.95,-0.03,-1.0,worse
Dhoom,2,Dhoom 2,2006,3,3.3,2.95,0.35,12.0,better
Dhoom,3,Dhoom 3,2013,3,2.62,2.95,-0.33,-11.0,worse
Diary,1,Diary for My Children,1984,3,3.7,3.55,0.15,4.0,better
Diary,2,Diary for My Loves,1987,3,3.52,3.55,-0.03,-1.0,worse
Diary,3,Diary for My Father and My Mother,1990,3,3.44,3.55,-0.11,-3.0,worse
Diary of a Wimpy Kid,1,Diary of a Wimpy Kid,2010,4,3.06,2.74,0.31,11.0,better
Diary of a Wimpy Kid,2,Diary of a Wimpy Kid: Rodrick Rules,2011,4,3.53,2.74,0.78,28.0,better
Diary of a Wimpy Kid,3,Diary of a Wimpy Kid: Dog Days,2012,4,2.98,2.74,0.23,8.0,better
Diary of a Wimpy Kid,4,Diary of a Wimpy Kid: The Long Haul,2017,4,1.41,2.74,-1.34,-49.0,worse
Die Hard,1,Die Hard,1988,5,4.07,3.14,0.93,30.0,better
Die Hard,2,Die Hard 2,1990,5,3.29,3.14,0.15,5.0,better
Die Hard,3,Die Hard: With a Vengeance,1995,5,3.67,3.14,0.53,17.0,better
Die Hard,4,Live Free or Die Hard,2007,5,2.9,3.14,-0.24,-8.0,worse
Die Hard,5,A Good Day to Die Hard,2013,5,1.79,3.14,-1.35,-43.0,worse
Die Supernasen Filmreihe,1,Piratensender Powerplay,1982,4,3.04,2.93,0.11,4.0,better
Die Supernasen Filmreihe,2,Die Supernasen,1983,4,2.87,2.93,-0.06,-2.0,worse
Die Supernasen Filmreihe,3,Zwei Nasen tanken Super,1984,4,2.8,2.93,-0.13,-4.0,worse
Die Supernasen Filmreihe,4,The Beginner,1985,4,3.0,2.93,0.07,2.0,better
Die Vampirschwestern,1,Vampire Sisters,2012,3,3.0,2.85,0.15,5.0,better
Die Vampirschwestern,2,Vampire Sisters 2: Bats in the Belly,2014,3,2.77,2.85,-0.08,-3.0,worse
Die Vampirschwestern,3,Vampire Sisters 3: Journey to Transylvania,2016,3,2.77,2.85,-0.08,-3.0,worse
Digimon Adventure tri.,1,Digimon Adventure tri. Part 1: Reunion,2015,6,3.26,3.19,0.07,2.0,better
Digimon Adventure tri.,2,Digimon Adventure tri. Part 2: Determination,2016,6,3.23,3.19,0.04,1.0,better
Digimon Adventure tri.,3,Digimon Adventure tri. Part 3: Confession,2016,6,3.41,3.19,0.22,7.0,better
Digimon Adventure tri.,4,Digimon Adventure tri. Part 4: Loss,2017,6,3.07,3.19,-0.12,-4.0,worse
Digimon Adventure tri.,5,Digimon Adventure tri. Part 5: Coexistence,2017,6,3.02,3.19,-0.17,-5.0,worse
Digimon Adventure tri.,6,Digimon Adventure tri. Part 6: Future,2018,6,3.14,3.19,-0.05,-2.0,worse
Dilan,1,Dilan 1990,2018,3,3.01,3.03,-0.02,-1.0,worse
Dilan,2,Dilan 1991,2019,3,3.03,3.03,-0.0,-0.0,equal
Dilan,3,Milea,2020,3,3.06,3.03,0.03,1.0,better
Dinesh Vijan's horror-comedy universe,1,Stree,2018,3,3.22,2.92,0.3,10.0,better
Dinesh Vijan's horror-comedy universe,2,Roohi,2021,3,2.5,2.92,-0.42,-14.0,worse
Dinesh Vijan's horror-comedy universe,3,Bhediya,2022,3,3.03,2.92,0.11,4.0,better
Dirty Harry,1,Dirty Harry,1971,5,3.81,3.34,0.47,14.0,better
Dirty Harry,2,Magnum Force,1973,5,3.51,3.34,0.17,5.0,better
Dirty Harry,3,The Enforcer,1976,5,3.13,3.34,-0.21,-6.0,worse
Dirty Harry,4,Sudden Impact,1983,5,3.27,3.34,-0.07,-2.0,worse
Dirty Harry,5,The Dead Pool,1988,5,2.96,3.34,-0.38,-11.0,worse
Disney Buddies,1,Air Buddies,2006,7,2.48,2.36,0.12,5.0,better
Disney Buddies,2,Snow Buddies,2008,7,2.41,2.36,0.05,2.0,better
Disney Buddies,3,Space Buddies,2009,7,2.31,2.36,-0.05,-2.0,worse
Disney Buddies,4,Santa Buddies,2009,7,2.33,2.36,-0.03,-1.0,worse
Disney Buddies,5,Spooky Buddies,2011,7,2.48,2.36,0.12,5.0,better
Disney Buddies,6,Treasure Buddies,2012,7,2.3,2.36,-0.06,-3.0,worse
Disney Buddies,7,Super Buddies,2013,7,2.21,2.36,-0.15,-6.0,worse
Divergent,1,Divergent,2014,3,2.76,2.36,0.4,17.0,better
Divergent,2,Insurgent,2015,3,2.36,2.36,-0.0,-0.0,equal
Divergent,3,Allegiant,2016,3,1.97,2.36,-0.39,-17.0,worse
Downton Abbey,1,Downton Abbey: Christmas at Downton Abbey,2011,4,3.85,3.86,-0.0,-0.0,equal
Downton Abbey,2,Downton Abbey: A Journey to the Highlands,2012,4,3.83,3.86,-0.02,-1.0,worse
Downton Abbey,3,Downton Abbey: The London Season,2013,4,3.74,3.86,-0.11,-3.0,worse
Downton Abbey,4,Downton Abbey: The Finale,2015,4,4.0,3.86,0.15,4.0,better
Dr. Dolittle,1,Doctor Dolittle,1998,5,2.55,2.26,0.29,13.0,better
Dr. Dolittle,2,Dr. Dolittle 2,2001,5,2.18,2.26,-0.08,-4.0,worse
Dr. Dolittle,3,Dr. Dolittle 3,2006,5,1.96,2.26,-0.3,-13.0,worse
Dr. Dolittle,4,Dr. Dolittle: Tail to the Chief,2008,5,2.23,2.26,-0.03,-1.0,worse
Dr. Dolittle,5,Dr. Dolittle: Million Dollar Mutts,2009,5,2.4,2.26,0.14,6.0,better
Dracula (Hammer),1,Dracula,1958,9,3.59,3.16,0.43,14.0,better
Dracula (Hammer),2,The Brides of Dracula,1960,9,3.33,3.16,0.17,5.0,better
Dracula (Hammer),3,Dracula: Prince of Darkness,1966,9,3.3,3.16,0.14,4.0,better
Dracula (Hammer),4,Dracula Has Risen from the Grave,1968,9,3.19,3.16,0.03,1.0,better
Dracula (Hammer),5,Taste the Blood of Dracula,1970,9,3.16,3.16,0.0,0.0,equal
Dracula (Hammer),6,Scars of Dracula,1970,9,2.99,3.16,-0.17,-5.0,worse
Dracula (Hammer),7,Dracula A.D. 1972,1972,9,3.04,3.16,-0.12,-4.0,worse
Dracula (Hammer),8,The Satanic Rites of Dracula,1973,9,2.77,3.16,-0.39,-12.0,worse
Dracula (Hammer),9,The Legend of the 7 Golden Vampires,1974,9,3.03,3.16,-0.13,-4.0,worse
Dracula (Universal),1,Dracula,1931,4,3.54,3.1,0.44,14.0,better
Dracula (Universal),2,Dracula's Daughter,1936,4,3.19,3.1,0.09,3.0,better
Dracula (Universal),3,Son of Dracula,1943,4,2.89,3.1,-0.21,-7.0,worse
Dracula (Universal),4,House of Dracula,1945,4,2.79,3.1,-0.31,-10.0,worse
Dracula 2000,1,Dracula 2000,2000,3,2.27,2.29,-0.02,-1.0,worse
Dracula 2000,2,Dracula II: Ascension,2003,3,2.2,2.29,-0.09,-4.0,worse
Dracula 2000,3,Dracula III: Legacy,2005,3,2.39,2.29,0.1,4.0,better
Dragon Ball,1,Dragon Ball: Curse of the Blood Rubies,1986,4,3.08,3.08,-0.0,-0.0,equal
Dragon Ball,2,Dragon Ball: Sleeping Princess in Devil's Castle,1987,4,2.91,3.08,-0.17,-6.0,worse
Dragon Ball,3,Dragon Ball: Mystical Adventure,1988,4,3.04,3.08,-0.04,-1.0,worse
Dragon Ball,4,Dragon Ball: The Path to Power,1996,4,3.31,3.08,0.23,7.0,better
Dragon Ball Super,1,Dragon Ball Z: Battle of Gods,2013,4,3.28,3.37,-0.09,-3.0,worse
Dragon Ball Super,2,Dragon Ball Z: Resurrection 'F',2015,4,3.04,3.37,-0.33,-10.0,worse
Dragon Ball Super,3,Dragon Ball Super: Broly,2018,4,3.75,3.37,0.38,11.0,better
Dragon Ball Super,4,Dragon Ball Super: Super Hero,2022,4,3.42,3.37,0.05,1.0,better
Dragon Inn,1,Dragon Inn,1967,3,3.99,3.52,0.47,13.0,better
Dragon Inn,2,Dragon Inn,1992,3,3.67,3.52,0.15,4.0,better
Dragon Inn,3,Flying Swords of Dragon Gate,2011,3,2.89,3.52,-0.63,-18.0,worse
DragonHeart,1,DragonHeart,1996,5,3.01,2.66,0.35,13.0,better
DragonHeart,2,DragonHeart: A New Beginning,2000,5,2.21,2.66,-0.45,-17.0,worse
DragonHeart,3,Dragonheart 3: The Sorcerer's Curse,2015,5,2.61,2.66,-0.05,-2.0,worse
DragonHeart,4,Dragonheart: Battle for the Heartfire,2017,5,2.71,2.66,0.05,2.0,better
DragonHeart,5,Dragonheart: Vengeance,2020,5,2.74,2.66,0.08,3.0,better
Draper's Tours,1,Murder on the Blackpool Express,2017,3,3.0,3.0,0.0,0.0,equal
Draper's Tours,2,Death on the Tyne,2018,3,3.01,3.0,0.01,0.0,better
Draper's Tours,3,Dial M for Middlesbrough,2019,3,2.99,3.0,-0.01,-0.0,worse
Dreileben,1,Dreileben: Beats Being Dead,2011,3,3.54,3.43,0.11,3.0,better
Dreileben,2,Dreileben: Don’t Follow Me Around,2011,3,3.41,3.43,-0.02,-1.0,worse
Dreileben,3,Dreileben: One Minute of Darkness,2011,3,3.34,3.43,-0.09,-3.0,worse
Drunken Master,1,Drunken Master,1978,3,3.75,3.57,0.18,5.0,better
Drunken Master,2,Drunken Master II,1994,3,3.89,3.57,0.32,9.0,better
Drunken Master,3,Drunken Master III,1994,3,3.07,3.57,-0.5,-14.0,worse
Ducobu,1,Ducoboo,2011,4,2.67,2.6,0.08,3.0,better
Ducobu,2,Ducoboo 2: Crazy Vacation,2012,4,2.61,2.6,0.02,1.0,better
Ducobu,3,Ducoboo 3,2020,4,2.55,2.6,-0.04,-2.0,worse
Ducobu,4,Ducobu 4 President,2022,4,2.55,2.6,-0.04,-2.0,worse
Dumb and Dumber,1,Dumb and Dumber,1994,3,3.32,2.41,0.91,38.0,better
Dumb and Dumber,2,Dumb and Dumberer: When Harry Met Lloyd,2003,3,1.68,2.41,-0.73,-30.0,worse
Dumb and Dumber,3,Dumb and Dumber To,2014,3,2.23,2.41,-0.18,-7.0,worse
Dungeons & Dragons,1,Dungeons & Dragons,2000,3,1.76,2.23,-0.47,-21.0,worse
Dungeons & Dragons,2,Dungeons & Dragons: Wrath of the Dragon God,2005,3,2.31,2.23,0.08,4.0,better
Dungeons & Dragons,3,Dungeons & Dragons: The Book of Vile Darkness,2012,3,2.63,2.23,0.4,18.0,better
Easy Money,1,Easy Money,2010,3,3.3,3.26,0.04,1.0,better
Easy Money,2,Easy Money: Hard to Kill,2012,3,3.28,3.26,0.02,1.0,better
Easy Money,3,Easy Money III: Life Deluxe,2013,3,3.21,3.26,-0.05,-2.0,worse
Eating Out,1,Eating Out,2004,5,2.47,2.67,-0.2,-7.0,worse
Eating Out,2,Eating Out 2: Sloppy Seconds,2006,5,2.82,2.67,0.15,6.0,better
Eating Out,3,Eating Out: All You Can Eat,2009,5,2.71,2.67,0.04,1.0,better
Eating Out,4,Eating Out: Drama Camp,2011,5,2.67,2.67,0.0,0.0,equal
Eating Out,5,Eating Out: The Open Weekend,2011,5,2.68,2.67,0.01,0.0,better
Eberhofer,1,Dampfnudelblues,2013,9,3.31,3.3,0.01,0.0,better
Eberhofer,2,Winterkartoffelknödel,2014,9,3.28,3.3,-0.02,-1.0,worse
Eberhofer,3,Schweinskopf al dente,2016,9,3.35,3.3,0.05,2.0,better
Eberhofer,4,Griessnockerlaffaere,2017,9,3.39,3.3,0.09,3.0,better
Eberhofer,5,Sauerkrautkoma,2018,9,3.32,3.3,0.02,1.0,better
Eberhofer,6,Leberkäsjunkie,2019,9,3.29,3.3,-0.01,-0.0,worse
Eberhofer,7,Kaiserschmarrndrama,2021,9,3.33,3.3,0.03,1.0,better
Eberhofer,8,Guglhupfgeschwader,2022,9,3.25,3.3,-0.05,-2.0,worse
Eberhofer,9,Rehragout-Rendezvous,2023,9,3.21,3.3,-0.09,-3.0,worse
El Crack,1,El crack,1981,3,3.68,3.55,0.13,4.0,better
El Crack,2,El crack dos,1983,3,3.58,3.55,0.03,1.0,better
El Crack,3,The Crack: Inception,2019,3,3.4,3.55,-0.15,-4.0,worse
El mundo es suyo - Colección,1,The World is Ours,2012,3,3.46,3.15,0.31,10.0,better
El mundo es suyo - Colección,2,El mundo es suyo,2018,3,3.01,3.15,-0.14,-4.0,worse
El mundo es suyo - Colección,3,El mundo es vuestro,2022,3,2.97,3.15,-0.18,-6.0,worse
Ellembi Series,1,El Lemby,2002,3,3.22,3.05,0.17,6.0,better
Ellembi Series,2,You-Know-Who,2003,3,3.18,3.05,0.13,4.0,better
Ellembi Series,3,Lembi 8 Giga,2010,3,2.75,3.05,-0.3,-10.0,worse
Elling,1,Elling,2001,3,3.66,3.41,0.25,7.0,better
Elling,2,Mother's Elling,2003,3,3.28,3.41,-0.13,-4.0,worse
Elling,3,Love Me Tomorrow,2005,3,3.29,3.41,-0.12,-4.0,worse
Elvis Gratton,1,Elvis Gratton,1985,3,3.38,3.23,0.15,5.0,better
Elvis Gratton,2,Elvis Gratton 2: Miracle à Memphis,1999,3,3.23,3.23,0.0,0.0,equal
Elvis Gratton,3,Elvis Gratton 3: Le retour d'Elvis Wong,2004,3,3.07,3.23,-0.16,-5.0,worse
Emil of Lönneberga,1,Emil i Lönneberga,1971,3,3.52,3.5,0.02,1.0,better
Emil of Lönneberga,2,Nya hyss av Emil i Lönneberga,1972,3,3.5,3.5,-0.0,-0.0,equal
Emil of Lönneberga,3,Emil och griseknoen,1973,3,3.49,3.5,-0.01,-0.0,worse
Erkan & Stefan,1,Erkan & Stefan,2000,3,2.79,2.76,0.03,1.0,better
Erkan & Stefan,2,Erkan & Stefan 2,2002,3,2.73,2.76,-0.03,-1.0,worse
Erkan & Stefan,3,Erkan & Stefan 3,2005,3,2.77,2.76,0.01,0.0,better
Escape Plan,1,Escape Plan,2013,3,2.83,2.18,0.65,30.0,better
Escape Plan,2,Escape Plan 2: Hades,2018,3,1.75,2.18,-0.43,-20.0,worse
Escape Plan,3,Escape Plan: The Extractors,2019,3,1.96,2.18,-0.22,-10.0,worse
Evangelion,1,Neon Genesis Evangelion: Death and Rebirth,1997,4,3.64,3.88,-0.23,-6.0,worse
Evangelion,2,Neon Genesis Evangelion: The End of Evangelion,1997,4,4.46,3.88,0.58,15.0,better
Evangelion,3,Evangelion: Death (True)²,1998,4,3.44,3.88,-0.44,-11.0,worse
Evangelion,4,Revival of Evangelion,1998,4,3.96,3.88,0.08,2.0,better
Ever After High,1,Ever After High: Thronecoming,2014,5,3.68,3.62,0.06,2.0,better
Ever After High,2,Ever After High: Spring Unsprung,2015,5,3.58,3.62,-0.04,-1.0,worse
Ever After High,3,Ever After High: Way Too Wonderland,2015,5,3.83,3.62,0.21,6.0,better
Ever After High,4,Ever After High: Dragon Games,2016,5,3.67,3.62,0.05,1.0,better
Ever After High,5,Ever After High: Epic Winter,2016,5,3.35,3.62,-0.27,-7.0,worse
Evil Bong,1,Evil Bong,2006,9,2.15,2.29,-0.14,-6.0,worse
Evil Bong,2,Evil Bong 2: King Bong,2009,9,2.18,2.29,-0.11,-5.0,worse
Evil Bong,3,Evil Bong 3: The Wrath of Bong,2011,9,2.34,2.29,0.05,2.0,better
Evil Bong,4,Gingerdead Man vs. Evil Bong,2013,9,1.95,2.29,-0.34,-15.0,worse
Evil Bong,5,Evil Bong 420,2015,9,2.14,2.29,-0.15,-7.0,worse
Evil Bong,6,Evil Bong: High 5,2016,9,2.39,2.29,0.1,4.0,better
Evil Bong,7,Evil Bong 666,2017,9,2.43,2.29,0.14,6.0,better
Evil Bong,8,Evil Bong 777,2018,9,2.38,2.29,0.09,4.0,better
Evil Bong,9,Evil Bong 888: Infinity High,2022,9,2.61,2.29,0.32,14.0,better
Evil Dead,1,The Evil Dead,1981,3,3.66,3.79,-0.13,-3.0,worse
Evil Dead,2,Evil Dead II,1987,3,4.02,3.79,0.23,6.0,better
Evil Dead,3,Army of Darkness,1992,3,3.7,3.79,-0.09,-2.0,worse
Eyyvah Eyvah [Seri],1,Eyyvah Eyvah,2010,3,3.03,2.95,0.08,3.0,better
Eyyvah Eyvah [Seri],2,Eyyvah Eyvah 2,2011,3,2.95,2.95,0.0,0.0,equal
Eyyvah Eyvah [Seri],3,Eyyvah Eyvah 3,2014,3,2.86,2.95,-0.09,-3.0,worse
F.C. De Kampioenen Collectie,1,F.C. De Kampioenen: Kampioen zijn blijft plezant,2013,5,2.97,2.94,0.03,1.0,better
F.C. De Kampioenen Collectie,2,F.C. De Kampioenen 2: Jubilee General,2015,5,2.98,2.94,0.04,1.0,better
F.C. De Kampioenen Collectie,3,F.C. De Kampioenen 3: Kampioenen Forever,2017,5,2.86,2.94,-0.08,-3.0,worse
F.C. De Kampioenen Collectie,4,F.C. De Kampioenen 4: Viva Boma!,2019,5,2.87,2.94,-0.07,-2.0,worse
F.C. De Kampioenen Collectie,5,F.C. De Kampioenen Kerstspecial,2020,5,3.01,2.94,0.07,2.0,better
FRED,1,FRED: The Movie,2010,3,1.65,1.7,-0.05,-3.0,worse
FRED,2,Fred 2: Night of the Living Fred,2011,3,1.74,1.7,0.04,2.0,better
FRED,3,FRED 3: Camp Fred,2012,3,1.71,1.7,0.01,1.0,better
Fairly OddParents (Animated),1,The Fairly OddParents! Abra Catastrophe,2003,4,3.26,3.33,-0.07,-2.0,worse
Fairly OddParents (Animated),2,The Fairly OddParents: Channel Chasers,2004,4,3.6,3.33,0.27,8.0,better
Fairly OddParents (Animated),3,The Fairly OddParents: School's Out! The Musical,2005,4,3.26,3.33,-0.07,-2.0,worse
Fairly OddParents (Animated),4,The Fairly OddParents: Wishology,2009,4,3.21,3.33,-0.12,-4.0,worse
"Family Guy Trilogy: Laugh It Up, Fuzzball!",1,Family Guy Presents: Blue Harvest,2007,3,3.4,3.32,0.08,2.0,better
"Family Guy Trilogy: Laugh It Up, Fuzzball!",2,"Family Guy Presents: Something, Something, Something, Dark Side",2009,3,3.33,3.32,0.01,0.0,better
"Family Guy Trilogy: Laugh It Up, Fuzzball!",3,Family Guy Presents: It's a Trap!,2010,3,3.23,3.32,-0.09,-3.0,worse
Famous Five,1,Famous Five,2012,5,3.06,3.0,0.06,2.0,better
Famous Five,2,Famous Five 2,2013,5,3.0,3.0,0.0,0.0,equal
Famous Five,3,Famous Five 3,2014,5,2.99,3.0,-0.01,-0.0,worse
Famous Five,4,The Famous Five 4,2015,5,3.01,3.0,0.01,0.0,better
Famous Five,5,The Famous Five and the Valley of Dinosaurs,2018,5,2.93,3.0,-0.07,-2.0,worse
Fantastic Beasts,1,Fantastic Beasts and Where to Find Them,2016,3,3.12,2.72,0.4,15.0,better
Fantastic Beasts,2,Fantastic Beasts: The Crimes of Grindelwald,2018,3,2.53,2.72,-0.19,-7.0,worse
Fantastic Beasts,3,Fantastic Beasts: The Secrets of Dumbledore,2022,3,2.51,2.72,-0.21,-8.0,worse
Fantomas,1,Fantomas,1964,3,3.45,3.36,0.09,3.0,better
Fantomas,2,Fantomas Unleashed,1965,3,3.34,3.36,-0.02,-1.0,worse
Fantomas,3,Fantomas vs. Scotland Yard,1967,3,3.29,3.36,-0.07,-2.0,worse
Fantozzi,1,White Collar Blues,1975,10,3.73,3.25,0.48,15.0,better
Fantozzi,2,The Second Tragic Fantozzi,1976,10,3.66,3.25,0.41,13.0,better
Fantozzi,3,Fantozzi Against the Wind,1980,10,3.39,3.25,0.14,4.0,better
Fantozzi,4,Fantozzi Still Suffers,1983,10,3.29,3.25,0.04,1.0,better
Fantozzi,5,Superfantozzi,1986,10,3.19,3.25,-0.06,-2.0,worse
Fantozzi,6,Fantozzi Retires,1988,10,3.23,3.25,-0.02,-1.0,worse
Fantozzi,7,Fantozzi to the Rescue,1990,10,3.14,3.25,-0.11,-3.0,worse
Fantozzi,8,Fantozzi in Heaven,1993,10,3.12,3.25,-0.13,-4.0,worse
Fantozzi,9,Fantozzi The Return,1996,10,2.97,3.25,-0.28,-9.0,worse
Fantozzi,10,Fantozzi 2000 - The Cloning,1999,10,2.77,3.25,-0.48,-15.0,worse
Fantômas Serial,1,Fantômas: In the Shadow of the Guillotine,1913,5,3.59,3.56,0.03,1.0,better
Fantômas Serial,2,Fantômas: Juve Against Fantômas,1913,5,3.58,3.56,0.02,1.0,better
Fantômas Serial,3,Fantômas: The Dead Man Who Killed,1913,5,3.55,3.56,-0.01,-0.0,worse
Fantômas Serial,4,Fantômas: Fantômas Against Fantômas,1914,5,3.53,3.56,-0.03,-1.0,worse
Fantômas Serial,5,Fantômas: The False Magistrate,1914,5,3.53,3.56,-0.03,-1.0,worse
Fatal Fury,1,Fatal Fury: Legend of the Hungry Wolf,1992,3,3.13,3.19,-0.06,-2.0,worse
Fatal Fury,2,Fatal Fury 2: The New Battle,1993,3,3.27,3.19,0.08,3.0,better
Fatal Fury,3,Fatal Fury: The Motion Picture,1994,3,3.16,3.19,-0.03,-1.0,worse
Fate/Stay Night: Heaven's Feel,1,Fate/stay night: Heaven's Feel I. Presage Flower,2017,3,3.58,3.78,-0.2,-5.0,worse
Fate/Stay Night: Heaven's Feel,2,Fate/stay night: Heaven's Feel II. Lost Butterfly,2019,3,3.83,3.78,0.05,1.0,better
Fate/Stay Night: Heaven's Feel,3,Fate/stay night: Heaven's Feel III. Spring Song,2020,3,3.92,3.78,0.14,4.0,better
Father Knows Best,1,Pushing Hands,1991,3,3.51,3.79,-0.28,-7.0,worse
Father Knows Best,2,The Wedding Banquet,1993,3,3.79,3.79,-0.0,-0.0,equal
Father Knows Best,3,Eat Drink Man Woman,1994,3,4.07,3.79,0.28,7.0,better
Father There Is Only One,1,Father There Is Only One,2019,3,2.8,2.8,-0.0,-0.0,equal
Father There Is Only One,2,Father There Is Only One 2,2020,3,2.79,2.8,-0.01,-0.0,worse
Father There Is Only One,3,Padre no hay mas que uno 3,2022,3,2.81,2.8,0.01,0.0,better
Fear Street,1,Fear Street: 1994,2021,3,3.03,3.23,-0.2,-6.0,worse
Fear Street,2,Fear Street: 1978,2021,3,3.36,3.23,0.13,4.0,better
Fear Street,3,Fear Street: 1666,2021,3,3.29,3.23,0.06,2.0,better
Feast,1,Feast,2005,3,2.97,2.58,0.39,15.0,better
Feast,2,Feast II: Sloppy Seconds,2008,3,2.45,2.58,-0.13,-5.0,worse
Feast,3,Feast III: The Happy Finish,2009,3,2.33,2.58,-0.25,-10.0,worse
Female Prisoner Scorpion,1,Female Prisoner #701: Scorpion,1972,4,3.87,3.63,0.24,7.0,better
Female Prisoner Scorpion,2,Female Prisoner Scorpion: Jailhouse 41,1972,4,3.83,3.63,0.2,6.0,better
Female Prisoner Scorpion,3,Female Prisoner Scorpion: Beast Stable,1973,4,3.66,3.63,0.03,1.0,better
Female Prisoner Scorpion,4,Female Prisoner Scorpion: #701's Grudge Song,1973,4,3.17,3.63,-0.46,-13.0,worse
Fifty Shades,1,Fifty Shades of Grey,2015,3,1.71,1.81,-0.1,-6.0,worse
Fifty Shades,2,Fifty Shades Darker,2017,3,1.87,1.81,0.06,3.0,better
Fifty Shades,3,Fifty Shades Freed,2018,3,1.85,1.81,0.04,2.0,better
Fight Back to School,1,Fight Back to School,1991,3,3.5,3.31,0.19,6.0,better
Fight Back to School,2,Fight Back to School 2,1992,3,3.27,3.31,-0.04,-1.0,worse
Fight Back to School,3,Fight Back to School 3,1993,3,3.16,3.31,-0.15,-5.0,worse
Final Destination,1,Final Destination,2000,5,3.12,2.75,0.37,13.0,better
Final Destination,2,Final Destination 2,2003,5,2.86,2.75,0.11,4.0,better
Final Destination,3,Final Destination 3,2006,5,2.92,2.75,0.17,6.0,better
Final Destination,4,The Final Destination,2009,5,2.1,2.75,-0.65,-24.0,worse
Final Destination,5,Final Destination 5,2011,5,2.73,2.75,-0.02,-1.0,worse
Firefly,1,House of 1000 Corpses,2003,3,3.17,3.05,0.12,4.0,better
Firefly,2,The Devil's Rejects,2005,3,3.34,3.05,0.29,10.0,better
Firefly,3,3 from Hell,2019,3,2.64,3.05,-0.41,-13.0,worse
Flatfoot,1,The Knock Out Cop,1973,4,3.28,3.22,0.06,2.0,better
Flatfoot,2,Flatfoot in Hong Kong,1975,4,3.23,3.22,0.01,0.0,better
Flatfoot,3,Flatfoot in Africa,1978,4,3.2,3.22,-0.02,-1.0,worse
Flatfoot,4,Flatfoot in Egypt,1980,4,3.18,3.22,-0.04,-1.0,worse
Flicka,1,Flicka,2006,3,2.77,2.91,-0.14,-5.0,worse
Flicka,2,Flicka 2,2010,3,2.94,2.91,0.03,1.0,better
Flicka,3,Flicka: Country Pride,2012,3,3.02,2.91,0.11,4.0,better
Flodder,1,Flodder,1986,3,3.18,3.02,0.16,5.0,better
Flodder,2,Flodder Does Manhattan!,1992,3,2.95,3.02,-0.07,-2.0,worse
Flodder,3,Flodder 3,1995,3,2.94,3.02,-0.08,-3.0,worse
Flowers in the Attic,1,Flowers in the Attic,2014,4,2.56,2.56,-0.0,-0.0,equal
Flowers in the Attic,2,Petals on the Wind,2014,4,2.55,2.56,-0.01,-0.0,worse
Flowers in the Attic,3,If There Be Thorns,2015,4,2.53,2.56,-0.03,-1.0,worse
Flowers in the Attic,4,Seeds of Yesterday,2015,4,2.61,2.56,0.05,2.0,better
Flying Guillotine,1,The Flying Guillotine,1975,3,3.31,3.33,-0.02,-1.0,worse
Flying Guillotine,2,Flying Guillotine II,1978,3,3.26,3.33,-0.07,-2.0,worse
Flying Guillotine,3,The Vengeful Beauty,1978,3,3.42,3.33,0.09,3.0,better
Frankenstein (Hammer),1,The Curse of Frankenstein,1957,7,3.51,3.22,0.29,9.0,better
Frankenstein (Hammer),2,The Revenge of Frankenstein,1958,7,3.39,3.22,0.17,5.0,better
Frankenstein (Hammer),3,The Evil of Frankenstein,1964,7,2.96,3.22,-0.26,-8.0,worse
Frankenstein (Hammer),4,Frankenstein Created Woman,1967,7,3.32,3.22,0.1,3.0,better
Frankenstein (Hammer),5,Frankenstein Must Be Destroyed,1969,7,3.32,3.22,0.1,3.0,better
Frankenstein (Hammer),6,The Horror of Frankenstein,1970,7,2.87,3.22,-0.35,-11.0,worse
Frankenstein (Hammer),7,Frankenstein and the Monster from Hell,1974,7,3.17,3.22,-0.05,-2.0,worse
Frankenstein (Universal),1,Frankenstein,1931,5,3.83,3.45,0.38,11.0,better
Frankenstein (Universal),2,The Bride of Frankenstein,1935,5,3.97,3.45,0.52,15.0,better
Frankenstein (Universal),3,Son of Frankenstein,1939,5,3.46,3.45,0.01,0.0,better
Frankenstein (Universal),4,The Ghost of Frankenstein,1942,5,2.94,3.45,-0.51,-15.0,worse
Frankenstein (Universal),5,House of Frankenstein,1944,5,3.03,3.45,-0.42,-12.0,worse
Free Willy,1,Free Willy,1993,3,2.88,2.58,0.3,12.0,better
Free Willy,2,Free Willy 2: The Adventure Home,1995,3,2.49,2.58,-0.09,-3.0,worse
Free Willy,3,Free Willy 3: The Rescue,1997,3,2.38,2.58,-0.2,-8.0,worse
French Fried Vacation,1,French Fried Vacation,1978,3,3.21,3.06,0.15,5.0,better
French Fried Vacation,2,French Fried Vacation 2: The Bronzés go Skiing,1979,3,3.62,3.06,0.56,18.0,better
French Fried Vacation,3,French Fried Vacations 3: Friends Forever,2006,3,2.34,3.06,-0.72,-24.0,worse
Friday,1,Friday,1995,3,3.53,3.07,0.46,15.0,better
Friday,2,Next Friday,2000,3,2.9,3.07,-0.17,-6.0,worse
Friday,3,Friday After Next,2002,3,2.77,3.07,-0.3,-10.0,worse
From Dusk Till Dawn,1,From Dusk Till Dawn,1996,3,3.5,2.65,0.85,32.0,better
From Dusk Till Dawn,2,From Dusk Till Dawn 2: Texas Blood Money,1999,3,2.17,2.65,-0.48,-18.0,worse
From Dusk Till Dawn,3,From Dusk Till Dawn 3: The Hangman's Daughter,1999,3,2.28,2.65,-0.37,-14.0,worse
From Vegas to Macau,1,From Vegas to Macau,2014,3,2.88,2.73,0.15,5.0,better
From Vegas to Macau,2,From Vegas to Macau II,2015,3,2.74,2.73,0.01,0.0,better
From Vegas to Macau,3,From Vegas to Macau III,2016,3,2.58,2.73,-0.15,-5.0,worse
Fu Manchu (Christopher Lee),1,The Face of Fu Manchu,1965,5,3.0,2.78,0.22,8.0,better
Fu Manchu (Christopher Lee),2,The Brides of Fu Manchu,1966,5,3.01,2.78,0.23,8.0,better
Fu Manchu (Christopher Lee),3,The Vengeance of Fu Manchu,1967,5,2.97,2.78,0.19,7.0,better
Fu Manchu (Christopher Lee),4,The Blood of Fu Manchu,1968,5,2.72,2.78,-0.06,-2.0,worse
Fu Manchu (Christopher Lee),5,The Castle of Fu Manchu,1969,5,2.19,2.78,-0.59,-21.0,worse
Fukrey,1,Fukrey,2013,3,3.23,3.08,0.15,5.0,better
Fukrey,2,Fukrey Returns,2017,3,3.06,3.08,-0.02,-1.0,worse
Fukrey,3,Fukrey 3,2023,3,2.95,3.08,-0.13,-4.0,worse
Fullmetal Alchemist (Live-Action),1,Fullmetal Alchemist,2017,3,2.2,2.45,-0.25,-10.0,worse
Fullmetal Alchemist (Live-Action),2,Fullmetal Alchemist: The Revenge of Scar,2022,3,2.42,2.45,-0.03,-1.0,worse
Fullmetal Alchemist (Live-Action),3,Fullmetal Alchemist: The Final Alchemy,2022,3,2.73,2.45,0.28,11.0,better
Futurama,1,Futurama: Bender's Big Score,2007,4,3.74,3.48,0.26,7.0,better
Futurama,2,Futurama: The Beast with a Billion Backs,2008,4,3.37,3.48,-0.11,-3.0,worse
Futurama,3,Futurama: Bender's Game,2008,4,3.37,3.48,-0.11,-3.0,worse
Futurama,4,Futurama: Into the Wild Green Yonder,2009,4,3.43,3.48,-0.05,-1.0,worse
G.O.R.A.,1,G.O.R.A.,2004,3,3.75,3.38,0.37,11.0,better
G.O.R.A.,2,A.R.O.G,2008,3,3.47,3.38,0.09,3.0,better
G.O.R.A.,3,Arif V 216,2018,3,2.93,3.38,-0.45,-13.0,worse
Gamera (Heisei),1,Gamera: Guardian of the Universe,1995,3,3.57,3.68,-0.11,-3.0,worse
Gamera (Heisei),2,Gamera 2: Attack of Legion,1996,3,3.68,3.68,0.0,0.0,equal
Gamera (Heisei),3,Gamera 3: Revenge of Iris,1999,3,3.79,3.68,0.11,3.0,better
Gamera (Showa),1,"Gamera, the Giant Monster",1965,8,3.02,2.69,0.33,12.0,better
Gamera (Showa),2,Gamera vs. Barugon,1966,8,3.0,2.69,0.31,12.0,better
Gamera (Showa),3,Gamera vs. Gyaos,1967,8,3.03,2.69,0.34,13.0,better
Gamera (Showa),4,Gamera vs. Viras,1968,8,2.57,2.69,-0.12,-4.0,worse
Gamera (Showa),5,Gamera vs. Guiron,1969,8,2.88,2.69,0.19,7.0,better
Gamera (Showa),6,Gamera vs. Jiger,1970,8,2.84,2.69,0.15,6.0,better
Gamera (Showa),7,Gamera vs. Zigra,1971,8,2.37,2.69,-0.32,-12.0,worse
Gamera (Showa),8,Gamera: Super Monster,1980,8,1.82,2.69,-0.87,-32.0,worse
Gamma One,1,"The Wild, Wild Planet",1966,4,3.01,2.92,0.09,3.0,better
Gamma One,2,War of the Planets,1966,4,2.98,2.92,0.06,2.0,better
Gamma One,3,War Between the Planets,1966,4,2.92,2.92,0.0,0.0,equal
Gamma One,4,Snow Devils,1967,4,2.76,2.92,-0.16,-5.0,worse
Gantz,1,Gantz,2010,4,3.16,3.19,-0.03,-1.0,worse
Gantz,2,Another Gantz,2011,4,3.21,3.19,0.02,1.0,better
Gantz,3,Gantz: Perfect Answer,2011,4,3.09,3.19,-0.1,-3.0,worse
Gantz,4,GANTZ:O,2016,4,3.31,3.19,0.12,4.0,better
Garfield CGI,1,Garfield Gets Real,2007,3,2.21,2.29,-0.08,-3.0,worse
Garfield CGI,2,Garfield's Fun Fest,2008,3,2.4,2.29,0.11,5.0,better
Garfield CGI,3,Garfield's Pet Force,2009,3,2.25,2.29,-0.04,-2.0,worse
Gates of Hell Trilogy,1,City of the Living Dead,1980,3,3.44,3.4,0.04,1.0,better
Gates of Hell Trilogy,2,The Beyond,1981,3,3.52,3.4,0.12,4.0,better
Gates of Hell Trilogy,3,The House by the Cemetery,1981,3,3.23,3.4,-0.17,-5.0,worse
Gett,1,To Take A Wife,2004,3,3.61,3.7,-0.09,-2.0,worse
Gett,2,The Seven Days,2008,3,3.48,3.7,-0.22,-6.0,worse
Gett,3,Gett: The Trial of Viviane Amsalem,2014,3,4.0,3.7,0.3,8.0,better
Ghost in the Shell: Arise,1,Ghost in the Shell Arise - Border 1: Ghost Pain,2013,5,3.28,3.3,-0.02,-1.0,worse
Ghost in the Shell: Arise,2,Ghost in the Shell: Arise - Border 2: Ghost Whispers,2013,5,3.32,3.3,0.02,1.0,better
Ghost in the Shell: Arise,3,Ghost in the Shell: Arise - Border 3: Ghost Tears,2014,5,3.28,3.3,-0.02,-1.0,worse
Ghost in the Shell: Arise,4,Ghost in the Shell: Arise - Border 4: Ghost Stands Alone,2014,5,3.36,3.3,0.06,2.0,better
Ghost in the Shell: Arise,5,Ghost in the Shell: The New Movie,2015,5,3.24,3.3,-0.06,-2.0,worse
Ghost in the Shell: Stand Alone Complex,1,Ghost in the Shell: Stand Alone Complex – The Laughing Man,2005,4,3.85,3.64,0.21,6.0,better
Ghost in the Shell: Stand Alone Complex,2,Ghost in the Shell: S.A.C. 2nd GIG – Individual Eleven,2006,4,3.8,3.64,0.15,4.0,better
Ghost in the Shell: Stand Alone Complex,3,Ghost in the Shell: Stand Alone Complex – Solid State Society,2006,4,3.73,3.64,0.08,2.0,better
Ghost in the Shell: Stand Alone Complex,4,Ghost in the Shell: SAC_2045 Sustainable War,2021,4,3.2,3.64,-0.44,-12.0,worse
Ghostbusters,1,Ghostbusters,1984,3,3.76,3.32,0.44,13.0,better
Ghostbusters,2,Ghostbusters II,1989,3,3.12,3.32,-0.2,-6.0,worse
Ghostbusters,3,Ghostbusters: Afterlife,2021,3,3.07,3.32,-0.25,-8.0,worse
Ghoulies,1,Ghoulies,1985,4,2.38,2.45,-0.07,-3.0,worse
Ghoulies,2,Ghoulies II,1987,4,2.79,2.45,0.34,14.0,better
Ghoulies,3,Ghoulies III: Ghoulies Go to College,1990,4,2.49,2.45,0.04,2.0,better
Ghoulies,4,Ghoulies IV,1994,4,2.14,2.45,-0.31,-13.0,worse
Ginger Snaps,1,Ginger Snaps,2000,3,3.61,3.14,0.47,15.0,better
Ginger Snaps,2,Ginger Snaps 2: Unleashed,2004,3,3.13,3.14,-0.01,-0.0,worse
Ginger Snaps,3,Ginger Snaps Back: The Beginning,2004,3,2.68,3.14,-0.46,-15.0,worse
Glass Tiger collection,1,Glass Tiger,2001,3,3.48,3.29,0.19,6.0,better
Glass Tiger collection,2,Glass Tiger 2,2006,3,3.3,3.29,0.01,0.0,better
Glass Tiger collection,3,Glass Tiger 3,2010,3,3.1,3.29,-0.19,-6.0,worse
Goal!,1,Goal!,2005,3,3.13,2.43,0.7,29.0,better
Goal!,2,Goal! II: Living the Dream,2007,3,2.64,2.43,0.21,9.0,better
Goal!,3,Goal III: Taking on the World,2009,3,1.53,2.43,-0.9,-37.0,worse
God's Not Dead,1,God's Not Dead,2014,4,1.46,1.74,-0.28,-16.0,worse
God's Not Dead,2,God's Not Dead 2,2016,4,1.61,1.74,-0.13,-7.0,worse
God's Not Dead,3,God's Not Dead: A Light in Darkness,2018,4,1.94,1.74,0.2,11.0,better
God's Not Dead,4,God's Not Dead: We The People,2020,4,1.96,1.74,0.22,13.0,better
Godzilla (Heisei),1,The Return of Godzilla,1984,7,3.45,3.38,0.07,2.0,better
Godzilla (Heisei),2,Godzilla vs. Biollante,1989,7,3.5,3.38,0.12,4.0,better
Godzilla (Heisei),3,Godzilla vs. King Ghidorah,1991,7,3.39,3.38,0.01,0.0,better
Godzilla (Heisei),4,Godzilla vs. Mothra,1992,7,3.26,3.38,-0.12,-4.0,worse
Godzilla (Heisei),5,Godzilla vs. Mechagodzilla II,1993,7,3.31,3.38,-0.07,-2.0,worse
Godzilla (Heisei),6,Godzilla vs. SpaceGodzilla,1994,7,2.99,3.38,-0.39,-12.0,worse
Godzilla (Heisei),7,Godzilla vs. Destoroyah,1995,7,3.73,3.38,0.35,10.0,better
Godzilla (Millennium),1,Godzilla 2000: Millennium,1999,6,3.09,3.26,-0.18,-6.0,worse
Godzilla (Millennium),2,Godzilla vs. Megaguirus,2000,6,2.87,3.26,-0.4,-12.0,worse
Godzilla (Millennium),3,"Godzilla, Mothra and King Ghidorah: Giant Monsters All-Out Attack",2001,6,3.64,3.26,0.38,12.0,better
Godzilla (Millennium),4,Godzilla Against MechaGodzilla,2002,6,3.38,3.26,0.11,3.0,better
Godzilla (Millennium),5,Godzilla: Tokyo S.O.S.,2003,6,3.24,3.26,-0.02,-1.0,worse
Godzilla (Millennium),6,Godzilla: Final Wars,2004,6,3.37,3.26,0.1,3.0,better
Godzilla Anime,1,Godzilla: Planet of the Monsters,2017,3,2.63,2.57,0.06,2.0,better
Godzilla Anime,2,Godzilla: City on the Edge of Battle,2018,3,2.57,2.57,0.0,0.0,equal
Godzilla Anime,3,Godzilla: The Planet Eater,2018,3,2.5,2.57,-0.07,-3.0,worse
Godzilla,1,Godzilla,2014,3,3.01,2.85,0.16,6.0,better
Godzilla,2,Godzilla: King of the Monsters,2019,3,2.76,2.85,-0.09,-3.0,worse
Godzilla,3,Godzilla vs. Kong,2021,3,2.79,2.85,-0.06,-2.0,worse
Gogol,1,Gogol. The Beginning,2017,3,3.01,3.09,-0.08,-3.0,worse
Gogol,2,Gogol. Viy,2018,3,3.08,3.09,-0.01,-0.0,worse
Gogol,3,Gogol. A Terrible Vengeance,2018,3,3.19,3.09,0.1,3.0,better
Golmaal,1,Golmaal - Fun Unlimited,2006,4,3.32,2.8,0.52,19.0,better
Golmaal,2,Golmaal Returns,2008,4,2.73,2.8,-0.07,-2.0,worse
Golmaal,3,Golmaal 3,2010,4,2.81,2.8,0.01,0.0,better
Golmaal,4,Golmaal Again,2017,4,2.35,2.8,-0.45,-16.0,worse
Goopy Bagha Trilogy,1,Goopy Gyne Bagha Byne,1969,3,3.85,3.71,0.14,4.0,better
Goopy Bagha Trilogy,2,The Kingdom of Diamonds,1980,3,3.81,3.71,0.1,3.0,better
Goopy Bagha Trilogy,3,Goopy Bagha Feere Elo,1992,3,3.48,3.71,-0.23,-6.0,worse
Greek Tragedy Trilogy,1,Electra,1962,3,3.59,3.53,0.06,2.0,better
Greek Tragedy Trilogy,2,The Trojan Women,1971,3,3.32,3.53,-0.21,-6.0,worse
Greek Tragedy Trilogy,3,Iphigenia,1977,3,3.69,3.53,0.16,5.0,better
Green Street Hooligans,1,Green Street Hooligans,2005,3,3.4,2.63,0.77,29.0,better
Green Street Hooligans,2,Green Street Hooligans 2,2009,3,2.11,2.63,-0.52,-20.0,worse
Green Street Hooligans,3,Green Street Hooligans: Underground,2013,3,2.38,2.63,-0.25,-10.0,worse
Guardians of the Galaxy,1,Guardians of the Galaxy,2014,3,3.77,3.75,0.02,1.0,better
Guardians of the Galaxy,2,Guardians of the Galaxy Vol. 2,2017,3,3.5,3.75,-0.25,-7.0,worse
Guardians of the Galaxy,3,Guardians of the Galaxy Vol. 3,2023,3,3.99,3.75,0.24,6.0,better
Guinea Pig,1,Guinea Pig: Devil's Experiment,1985,7,2.1,2.7,-0.6,-22.0,worse
Guinea Pig,2,Guinea Pig 2: Flower of Flesh and Blood,1985,7,2.76,2.7,0.06,2.0,better
Guinea Pig,3,Guinea Pig 3: He Never Dies,1986,7,2.65,2.7,-0.05,-2.0,worse
Guinea Pig,4,Guinea Pig 4: Devil Woman Doctor,1986,7,2.76,2.7,0.06,2.0,better
Guinea Pig,5,Guinea Pig 5: Android of Notre Dame,1988,7,2.33,2.7,-0.37,-14.0,worse
Guinea Pig,6,Guinea Pig: Mermaid in the Manhole,1988,7,3.31,2.7,0.61,23.0,better
Guinea Pig,7,Lucky Sky Diamond,1989,7,2.96,2.7,0.26,10.0,better
Gunbuster & Diebuster,1,Diebuster: The Movie,2006,3,3.53,3.56,-0.03,-1.0,worse
Gunbuster & Diebuster,2,Gunbuster vs Diebuster: Aim for the Top! The GATTAI!! Movie,2006,3,3.59,3.56,0.03,1.0,better
Gunbuster & Diebuster,3,Gunbuster: The Movie,2006,3,3.56,3.56,0.0,0.0,equal
Gwendolyn Shepherd,1,Ruby Red,2013,3,2.87,2.83,0.04,1.0,better
Gwendolyn Shepherd,2,Sapphire Blue,2014,3,2.86,2.83,0.03,1.0,better
Gwendolyn Shepherd,3,Emerald Green,2016,3,2.75,2.83,-0.08,-3.0,worse
Hababam Sınıfı [Seri],1,The Chaos Class,1975,9,3.93,3.21,0.72,22.0,better
Hababam Sınıfı [Seri],2,The Chaos Class Failed the Class,1975,9,3.6,3.21,0.39,12.0,better
Hababam Sınıfı [Seri],3,The Chaos Class Is Waking Up,1976,9,3.59,3.21,0.38,12.0,better
Hababam Sınıfı [Seri],4,The Chaos Class Is on Vacation,1977,9,3.53,3.21,0.32,10.0,better
Hababam Sınıfı [Seri],5,The Chaos Class Is Fretting Over,1979,9,3.19,3.21,-0.02,-1.0,worse
Hababam Sınıfı [Seri],6,The Chaos Class: Bye Bye,1981,9,3.12,3.21,-0.09,-3.0,worse
Hababam Sınıfı [Seri],7,The Chaos Class Welcome,2004,9,2.61,3.21,-0.6,-19.0,worse
Hababam Sınıfı [Seri],8,The Chaos Class in the Military,2005,9,2.7,3.21,-0.51,-16.0,worse
Hababam Sınıfı [Seri],9,"The Class of Chaos 3,5",2006,9,2.59,3.21,-0.62,-19.0,worse
Habibie & Ainun,1,Habibie & Ainun,2012,3,3.38,3.33,0.05,2.0,better
Habibie & Ainun,2,Rudy Habibie,2016,3,3.34,3.33,0.01,0.0,better
Habibie & Ainun,3,Habibie & Ainun 3,2019,3,3.26,3.33,-0.07,-2.0,worse
Haikyu!!,1,Haikyuu!! The Movie: The End and the Beginning,2015,4,3.98,4.04,-0.06,-1.0,worse
Haikyu!!,2,Haikyuu!! Movie 2: Winners and Losers,2015,4,4.01,4.04,-0.03,-1.0,worse
Haikyu!!,3,Haikyuu!! Movie 3: Genius and Sense,2017,4,4.06,4.04,0.02,0.0,better
Haikyu!!,4,Haikyuu!! Movie 4: Battle of Concepts,2017,4,4.11,4.04,0.07,2.0,better
Halloweentown,1,Halloweentown,1998,4,3.11,2.75,0.36,13.0,better
Halloweentown,2,Halloweentown II: Kalabar's Revenge,2001,4,2.82,2.75,0.07,3.0,better
Halloweentown,3,Halloweentown High,2004,4,2.72,2.75,-0.03,-1.0,worse
Halloweentown,4,Return to Halloweentown,2006,4,2.36,2.75,-0.39,-14.0,worse
Hanzo the Razor,1,Hanzo the Razor: Sword of Justice,1972,3,3.13,3.26,-0.13,-4.0,worse
Hanzo the Razor,2,Hanzo the Razor: The Snare,1973,3,3.38,3.26,0.12,4.0,better
Hanzo the Razor,3,Hanzo the Razor: Who's Got the Gold?,1974,3,3.28,3.26,0.02,1.0,better
Harihar Nagar ,1,In Harihar Nagar,1990,3,3.6,3.29,0.31,9.0,better
Harihar Nagar ,2,2 Harihar Nagar,2009,3,3.15,3.29,-0.14,-4.0,worse
Harihar Nagar ,3,In Ghost House Inn,2010,3,3.11,3.29,-0.18,-5.0,worse
Harold & Kumar,1,Harold & Kumar Go to White Castle,2004,3,3.3,2.99,0.31,10.0,better
Harold & Kumar,2,Harold & Kumar Escape from Guantanamo Bay,2008,3,2.89,2.99,-0.1,-3.0,worse
Harold & Kumar,3,A Very Harold & Kumar Christmas,2011,3,2.78,2.99,-0.21,-7.0,worse
Harry & Meghan (Lifetime),1,Harry & Meghan: A Royal Romance,2018,3,2.55,2.72,-0.17,-6.0,worse
Harry & Meghan (Lifetime),2,Harry & Meghan: Becoming Royal,2019,3,2.79,2.72,0.07,3.0,better
Harry & Meghan (Lifetime),3,Harry and Meghan: Escaping the Palace,2021,3,2.83,2.72,0.11,4.0,better
Harry Palmer,1,The Ipcress File,1965,5,3.63,3.19,0.44,14.0,better
Harry Palmer,2,Funeral in Berlin,1966,5,3.41,3.19,0.22,7.0,better
Harry Palmer,3,Billion Dollar Brain,1967,5,3.06,3.19,-0.13,-4.0,worse
Harry Palmer,4,Bullet to Beijing,1995,5,2.94,3.19,-0.25,-8.0,worse
Harry Palmer,5,Midnight in Saint Petersburg,1996,5,2.89,3.19,-0.3,-9.0,worse
Harry Potter,1,Harry Potter and the Philosopher's Stone,2001,8,3.73,3.75,-0.02,-1.0,worse
Harry Potter,2,Harry Potter and the Chamber of Secrets,2002,8,3.56,3.75,-0.19,-5.0,worse
Harry Potter,3,Harry Potter and the Prisoner of Azkaban,2004,8,4.07,3.75,0.32,9.0,better
Harry Potter,4,Harry Potter and the Goblet of Fire,2005,8,3.78,3.75,0.03,1.0,better
Harry Potter,5,Harry Potter and the Order of the Phoenix,2007,8,3.62,3.75,-0.13,-3.0,worse
Harry Potter,6,Harry Potter and the Half-Blood Prince,2009,8,3.64,3.75,-0.11,-3.0,worse
Harry Potter,7,Harry Potter and the Deathly Hallows: Part 1,2010,8,3.67,3.75,-0.08,-2.0,worse
Harry Potter,8,Harry Potter and the Deathly Hallows: Part 2,2011,8,3.93,3.75,0.18,5.0,better
Has Fallen,1,Olympus Has Fallen,2013,3,2.72,2.61,0.11,4.0,better
Has Fallen,2,London Has Fallen,2016,3,2.48,2.61,-0.13,-5.0,worse
Has Fallen,3,Angel Has Fallen,2019,3,2.63,2.61,0.02,1.0,better
Hatchet,1,Hatchet,2006,4,2.86,2.78,0.08,3.0,better
Hatchet,2,Hatchet II,2010,4,2.77,2.78,-0.0,-0.0,equal
Hatchet,3,Hatchet III,2013,4,2.77,2.78,-0.0,-0.0,equal
Hatchet,4,Victor Crowley,2017,4,2.7,2.78,-0.07,-3.0,worse
Hell House LLC,1,Hell House LLC,2015,4,3.07,2.74,0.33,12.0,better
Hell House LLC,2,Hell House LLC II: The Abaddon Hotel,2018,4,2.41,2.74,-0.33,-12.0,worse
Hell House LLC,3,Hell House LLC III: Lake of Fire,2019,4,2.32,2.74,-0.42,-15.0,worse
Hell House LLC,4,Hell House LLC Origins: The Carmichael Manor,2023,4,3.17,2.74,0.43,16.0,better
Hellraiser,1,Hellraiser,1987,10,3.52,2.32,1.2,52.0,better
Hellraiser,2,Hellbound: Hellraiser II,1988,10,3.22,2.32,0.9,39.0,better
Hellraiser,3,Hellraiser III: Hell on Earth,1992,10,2.71,2.32,0.39,17.0,better
Hellraiser,4,Hellraiser: Bloodline,1996,10,2.37,2.32,0.05,2.0,better
Hellraiser,5,Hellraiser: Inferno,2000,10,2.37,2.32,0.05,2.0,better
Hellraiser,6,Hellraiser: Hellseeker,2002,10,2.05,2.32,-0.27,-12.0,worse
Hellraiser,7,Hellraiser: Deader,2005,10,1.82,2.32,-0.5,-22.0,worse
Hellraiser,8,Hellraiser: Hellworld,2005,10,1.9,2.32,-0.42,-18.0,worse
Hellraiser,9,Hellraiser: Revelations,2011,10,1.34,2.32,-0.98,-42.0,worse
Hellraiser,10,Hellraiser: Judgment,2018,10,1.89,2.32,-0.43,-19.0,worse
Henry Fool,1,Henry Fool,1997,3,3.69,3.41,0.28,8.0,better
Henry Fool,2,Fay Grim,2006,3,3.27,3.41,-0.14,-4.0,worse
Henry Fool,3,Ned Rifle,2014,3,3.28,3.41,-0.13,-4.0,worse
Henryk Sienkiewicz's Trilogy,1,Colonel Wolodyjowski,1969,3,3.47,3.53,-0.06,-2.0,worse
Henryk Sienkiewicz's Trilogy,2,The Deluge,1974,3,3.63,3.53,0.1,3.0,better
Henryk Sienkiewicz's Trilogy,3,With Fire and Sword,1999,3,3.5,3.53,-0.03,-1.0,worse
Herbie,1,The Love Bug,1968,6,3.24,2.76,0.48,17.0,better
Herbie,2,Herbie Rides Again,1974,6,2.87,2.76,0.1,4.0,better
Herbie,3,Herbie Goes to Monte Carlo,1977,6,2.89,2.76,0.12,4.0,better
Herbie,4,Herbie Goes Bananas,1980,6,2.59,2.76,-0.18,-7.0,worse
Herbie,5,The Love Bug,1997,6,2.64,2.76,-0.12,-4.0,worse
Herbie,6,Herbie Fully Loaded,2005,6,2.36,2.76,-0.41,-15.0,worse
Hercule Poirot (Kenneth Branagh),1,Murder on the Orient Express,2017,3,3.02,2.91,0.11,4.0,better
Hercule Poirot (Kenneth Branagh),2,Death on the Nile,2022,3,2.65,2.91,-0.26,-9.0,worse
Hercule Poirot (Kenneth Branagh),3,A Haunting in Venice,2023,3,3.06,2.91,0.15,5.0,better
Hercule Poirot (Peter Ustinov),1,Death on the Nile,1978,6,3.55,3.21,0.34,11.0,better
Hercule Poirot (Peter Ustinov),2,Evil Under the Sun,1982,6,3.47,3.21,0.26,8.0,better
Hercule Poirot (Peter Ustinov),3,Thirteen at Dinner,1985,6,3.1,3.21,-0.11,-3.0,worse
Hercule Poirot (Peter Ustinov),4,Dead Man's Folly,1986,6,3.16,3.21,-0.05,-2.0,worse
Hercule Poirot (Peter Ustinov),5,Murder in Three Acts,1986,6,3.11,3.21,-0.1,-3.0,worse
Hercule Poirot (Peter Ustinov),6,Appointment with Death,1988,6,2.89,3.21,-0.32,-10.0,worse
Hercules (TV Film),1,Hercules and the Amazon Women,1994,5,3.08,3.08,0.0,0.0,equal
Hercules (TV Film),2,Hercules and the Lost Kingdom,1994,5,3.09,3.08,0.01,0.0,better
Hercules (TV Film),3,Hercules and the Circle of Fire,1994,5,3.11,3.08,0.03,1.0,better
Hercules (TV Film),4,Hercules in the Underworld,1994,5,3.08,3.08,0.0,0.0,equal
Hercules (TV Film),5,Hercules in the Maze of the Minotaur,1994,5,3.02,3.08,-0.06,-2.0,worse
High School Musical,1,High School Musical,2006,3,3.1,3.08,0.02,1.0,better
High School Musical,2,High School Musical 2,2007,3,3.13,3.08,0.05,2.0,better
High School Musical,3,High School Musical 3: Senior Year,2008,3,3.02,3.08,-0.06,-2.0,worse
Highlander,1,Highlander,1986,5,3.31,2.3,1.01,44.0,better
Highlander,2,Highlander II: The Quickening,1991,5,2.11,2.3,-0.19,-8.0,worse
Highlander,3,Highlander III: The Sorcerer,1994,5,2.2,2.3,-0.1,-4.0,worse
Highlander,4,Highlander: Endgame,2000,5,2.2,2.3,-0.1,-4.0,worse
Highlander,5,Highlander: The Source,2007,5,1.7,2.3,-0.6,-26.0,worse
Home Alone,1,Home Alone,1990,4,3.76,2.62,1.14,44.0,better
Home Alone,2,Home Alone 2: Lost in New York,1992,4,3.4,2.62,0.78,30.0,better
Home Alone,3,Home Alone 3,1997,4,2.02,2.62,-0.6,-23.0,worse
Home Alone,4,Home Alone 4,2002,4,1.3,2.62,-1.32,-50.0,worse
Honey,1,Honey,2003,4,2.82,2.71,0.11,4.0,better
Honey,2,Honey 2,2011,4,2.43,2.71,-0.28,-10.0,worse
Honey,3,Honey 3: Dare to Dance,2016,4,2.79,2.71,0.08,3.0,better
Honey,4,Honey: Rise Up and Dance,2018,4,2.81,2.71,0.1,4.0,better
"Honey, I Shrunk the Kids",1,"Honey, I Shrunk the Kids",1989,3,3.14,2.7,0.44,16.0,better
"Honey, I Shrunk the Kids",2,"Honey, I Blew Up the Kid",1992,3,2.48,2.7,-0.22,-8.0,worse
"Honey, I Shrunk the Kids",3,"Honey, We Shrunk Ourselves",1997,3,2.47,2.7,-0.23,-9.0,worse
Hornblower,1,Hornblower: The Even Chance,1998,8,3.64,3.59,0.05,1.0,better
Hornblower,2,Hornblower: The Examination for Lieutenant,1998,8,3.6,3.59,0.01,0.0,better
Hornblower,3,Hornblower: The Duchess and the Devil,1999,8,3.56,3.59,-0.03,-1.0,worse
Hornblower,4,Hornblower: The Frogs and the Lobsters,1999,8,3.54,3.59,-0.05,-1.0,worse
Hornblower,5,Hornblower: Mutiny,2001,8,3.66,3.59,0.07,2.0,better
Hornblower,6,Hornblower: Retribution,2001,8,3.63,3.59,0.04,1.0,better
Hornblower,7,Hornblower: Loyalty,2003,8,3.6,3.59,0.01,0.0,better
Hornblower,8,Hornblower: Duty,2003,8,3.52,3.59,-0.07,-2.0,worse
Hostel,1,Hostel,2005,3,2.71,2.41,0.3,12.0,better
Hostel,2,Hostel: Part II,2007,3,2.69,2.41,0.28,12.0,better
Hostel,3,Hostel: Part III,2011,3,1.83,2.41,-0.58,-24.0,worse
Hotel Inferno,1,Hotel Inferno,2013,3,2.84,3.04,-0.2,-7.0,worse
Hotel Inferno,2,Hotel Inferno 2: The Cathedral of Pain,2017,3,3.12,3.04,0.08,3.0,better
Hotel Inferno,3,Hotel Inferno 3: The Castle of Screams,2020,3,3.15,3.04,0.11,4.0,better
Hotel Transylvania,1,Hotel Transylvania,2012,4,3.19,2.74,0.46,17.0,better
Hotel Transylvania,2,Hotel Transylvania 2,2015,4,2.84,2.74,0.1,4.0,better
Hotel Transylvania,3,Hotel Transylvania 3: Summer Vacation,2018,4,2.57,2.74,-0.17,-6.0,worse
Hotel Transylvania,4,Hotel Transylvania: Transformania,2022,4,2.34,2.74,-0.4,-15.0,worse
House,1,House,1985,4,3.01,2.64,0.37,14.0,better
House,2,House II: The Second Story,1987,4,2.76,2.64,0.12,5.0,better
House,3,The Horror Show,1989,4,2.63,2.64,-0.01,-0.0,worse
House,4,House IV,1992,4,2.17,2.64,-0.47,-18.0,worse
House Party,1,House Party,1990,5,3.24,2.82,0.42,15.0,better
House Party,2,House Party 2,1991,5,2.75,2.82,-0.07,-2.0,worse
House Party,3,House Party 3,1994,5,2.51,2.82,-0.31,-11.0,worse
House Party,4,House Party 4: Down to the Last Minute,2001,5,3.03,2.82,0.21,7.0,better
House Party,5,House Party: Tonight's the Night,2013,5,2.59,2.82,-0.23,-8.0,worse
House of Angels,1,House of Angels,1992,3,3.35,3.15,0.2,6.0,better
House of Angels,2,House of Angels: The Second Summer,1994,3,3.13,3.15,-0.02,-1.0,worse
House of Angels,3,House of Angels - Third Time Lucky,2010,3,2.97,3.15,-0.18,-6.0,worse
Housefull,1,Housefull,2010,4,2.77,2.37,0.4,17.0,better
Housefull,2,Housefull 2,2012,4,2.58,2.37,0.21,9.0,better
Housefull,3,Housefull 3,2016,4,2.15,2.37,-0.22,-9.0,worse
Housefull,4,Housefull 4,2019,4,1.98,2.37,-0.39,-16.0,worse
How I Unleashed World War II,1,"How I Unleashed World War II, Part I: The Escape",1970,3,3.64,3.64,-0.0,-0.0,equal
How I Unleashed World War II,2,"How I Unleashed World War II, Part II: Following the Arms",1970,3,3.65,3.64,0.01,0.0,better
How I Unleashed World War II,3,"How I Unleashed World War II, Part III: Among Friends",1970,3,3.64,3.64,-0.0,-0.0,equal
How to Train Your Dragon,1,How to Train Your Dragon,2010,3,3.98,3.77,0.21,6.0,better
How to Train Your Dragon,2,How to Train Your Dragon 2,2014,3,3.7,3.77,-0.07,-2.0,worse
How to Train Your Dragon,3,How to Train Your Dragon: The Hidden World,2019,3,3.63,3.77,-0.14,-4.0,worse
I Can Quit Whenever I Want,1,I Can Quit Whenever I Want,2014,3,3.46,3.44,0.02,1.0,better
I Can Quit Whenever I Want,2,I Can Quit Whenever I Want 2: Masterclass,2017,3,3.45,3.44,0.01,0.0,better
I Can Quit Whenever I Want,3,I Can Quit Whenever I Want 3: Ad Honorem,2017,3,3.42,3.44,-0.02,-1.0,worse
I Know What You Did Last Summer,1,I Know What You Did Last Summer,1997,3,2.89,2.22,0.67,30.0,better
I Know What You Did Last Summer,2,I Still Know What You Did Last Summer,1998,3,2.33,2.22,0.11,5.0,better
I Know What You Did Last Summer,3,I'll Always Know What You Did Last Summer,2006,3,1.44,2.22,-0.78,-35.0,worse
I Spit on Your Grave,1,I Spit on Your Grave,2010,3,2.5,2.39,0.11,5.0,better
I Spit on Your Grave,2,I Spit on Your Grave 2,2013,3,2.39,2.39,-0.0,-0.0,equal
I Spit on Your Grave,3,I Spit on Your Grave III: Vengeance Is Mine,2015,3,2.29,2.39,-0.1,-4.0,worse
Ice Age,1,Ice Age,2002,6,3.47,2.65,0.82,31.0,better
Ice Age,2,Ice Age: The Meltdown,2006,6,3.0,2.65,0.35,13.0,better
Ice Age,3,Ice Age: Dawn of the Dinosaurs,2009,6,3.02,2.65,0.37,14.0,better
Ice Age,4,Ice Age: Continental Drift,2012,6,2.6,2.65,-0.05,-2.0,worse
Ice Age,5,Ice Age: Collision Course,2016,6,2.15,2.65,-0.5,-19.0,worse
Ice Age,6,The Ice Age Adventures of Buck Wild,2022,6,1.65,2.65,-1.0,-38.0,worse
Ichi,1,Ichi the Killer,2001,3,3.62,3.23,0.39,12.0,better
Ichi,2,Ichi the Killer: Episode Zero,2002,3,3.09,3.23,-0.14,-4.0,worse
Ichi,3,1-Ichi,2003,3,2.97,3.23,-0.26,-8.0,worse
"Ilsa, She Wolf of the SS",1,Ilsa: She Wolf of the SS,1975,4,2.73,2.8,-0.07,-3.0,worse
"Ilsa, She Wolf of the SS",2,Ilsa: Harem Keeper of the Oil Sheiks,1976,4,2.77,2.8,-0.03,-1.0,worse
"Ilsa, She Wolf of the SS",3,"Greta, the Mad Butcher",1977,4,2.79,2.8,-0.01,-0.0,worse
"Ilsa, She Wolf of the SS",4,"Ilsa, the Tigress of Siberia",1977,4,2.9,2.8,0.1,4.0,better
In the Name of the King,1,In the Name of the King: A Dungeon Siege Tale,2007,3,1.67,2.03,-0.36,-18.0,worse
In the Name of the King,2,In the Name of the King 2: Two Worlds,2011,3,2.09,2.03,0.06,3.0,better
In the Name of the King,3,In the Name of the King III,2014,3,2.32,2.03,0.29,14.0,better
Indiana Jones,1,Raiders of the Lost Ark,1981,5,4.16,3.51,0.65,19.0,better
Indiana Jones,2,Indiana Jones and the Temple of Doom,1984,5,3.62,3.51,0.11,3.0,better
Indiana Jones,3,Indiana Jones and the Last Crusade,1989,5,4.09,3.51,0.58,17.0,better
Indiana Jones,4,Indiana Jones and the Kingdom of the Crystal Skull,2008,5,2.66,3.51,-0.85,-24.0,worse
Indiana Jones,5,Indiana Jones and the Dial of Destiny,2023,5,3.0,3.51,-0.51,-15.0,worse
Infernal Affairs,1,Infernal Affairs,2002,3,3.99,3.64,0.35,10.0,better
Infernal Affairs,2,Infernal Affairs II,2003,3,3.66,3.64,0.02,1.0,better
Infernal Affairs,3,Infernal Affairs III,2003,3,3.27,3.64,-0.37,-10.0,worse
Inner Sanctum Mysteries,1,Calling Dr. Death,1943,6,3.11,3.09,0.02,1.0,better
Inner Sanctum Mysteries,2,Weird Woman,1944,6,3.1,3.09,0.01,0.0,better
Inner Sanctum Mysteries,3,Dead Man's Eyes,1944,6,3.05,3.09,-0.04,-1.0,worse
Inner Sanctum Mysteries,4,The Frozen Ghost,1945,6,2.98,3.09,-0.11,-4.0,worse
Inner Sanctum Mysteries,5,Strange Confession,1945,6,3.23,3.09,0.14,5.0,better
Inner Sanctum Mysteries,6,Pillow of Death,1945,6,3.06,3.09,-0.03,-1.0,worse
Insidious,1,Insidious,2010,5,3.19,2.7,0.49,18.0,better
Insidious,2,Insidious: Chapter 2,2013,5,2.96,2.7,0.26,10.0,better
Insidious,3,Insidious: Chapter 3,2015,5,2.54,2.7,-0.16,-6.0,worse
Insidious,4,Insidious: The Last Key,2018,5,2.41,2.7,-0.29,-11.0,worse
Insidious,5,Insidious: The Red Door,2023,5,2.42,2.7,-0.28,-10.0,worse
Inspector Palmu,1,Inspector Palmu's Error,1960,4,3.54,3.46,0.08,2.0,better
Inspector Palmu,2,"Gas, Inspector Palmu!",1961,4,3.57,3.46,0.11,3.0,better
Inspector Palmu,3,"Tähdet kertovat, komisario Palmu",1962,4,3.49,3.46,0.03,1.0,better
Inspector Palmu,4,"Vodkaa, komisario Palmu",1969,4,3.25,3.46,-0.21,-6.0,worse
Inuyasha,1,Inuyasha the Movie: Affections Touching Across Time,2001,4,3.37,3.4,-0.03,-1.0,worse
Inuyasha,2,Inuyasha the Movie 2: The Castle Beyond the Looking Glass,2002,4,3.4,3.4,0.0,0.0,equal
Inuyasha,3,Inuyasha the Movie 3: Swords of an Honorable Ruler,2003,4,3.53,3.4,0.13,4.0,better
Inuyasha,4,Inuyasha the Movie 4: Fire on the Mystic Island,2004,4,3.29,3.4,-0.11,-3.0,worse
Ip Man,1,Ip Man,2008,4,3.89,3.46,0.43,12.0,better
Ip Man,2,Ip Man 2,2010,4,3.55,3.46,0.09,3.0,better
Ip Man,3,Ip Man 3,2015,4,3.2,3.46,-0.26,-8.0,worse
Ip Man,4,Ip Man 4: The Finale,2019,4,3.2,3.46,-0.26,-8.0,worse
Iron Angels,1,Iron Angels,1987,3,3.46,3.36,0.1,3.0,better
Iron Angels,2,Iron Angels II,1988,3,3.33,3.36,-0.03,-1.0,worse
Iron Angels,3,Iron Angels 3,1989,3,3.28,3.36,-0.08,-2.0,worse
Iron Eagle,1,Iron Eagle,1986,4,2.79,2.73,0.06,2.0,better
Iron Eagle,2,Iron Eagle II,1988,4,2.53,2.73,-0.2,-7.0,worse
Iron Eagle,3,Iron Eagle III,1992,4,2.81,2.73,0.08,3.0,better
Iron Eagle,4,Iron Eagle IV,1995,4,2.79,2.73,0.06,2.0,better
Iron Man,1,Iron Man,2008,3,3.67,3.17,0.5,16.0,better
Iron Man,2,Iron Man 2,2010,3,2.84,3.17,-0.33,-10.0,worse
Iron Man,3,Iron Man 3,2013,3,3.0,3.17,-0.17,-5.0,worse
It's Alive,1,It's Alive,1974,3,3.15,2.96,0.19,6.0,better
It's Alive,2,It Lives Again,1978,3,2.84,2.96,-0.12,-4.0,worse
It's Alive,3,It's Alive III: Island of the Alive,1987,3,2.9,2.96,-0.06,-2.0,worse
Jack Irish,1,Jack Irish: Bad Debts,2012,3,3.36,3.37,-0.01,-0.0,worse
Jack Irish,2,Jack Irish: Black Tide,2012,3,3.36,3.37,-0.01,-0.0,worse
Jack Irish,3,Jack Irish: Dead Point,2014,3,3.39,3.37,0.02,1.0,better
Jango (Terence Hill),1,God Forgives... I Don't!,1967,3,3.21,3.16,0.05,2.0,better
Jango (Terence Hill),2,Ace High,1968,3,3.29,3.16,0.13,4.0,better
Jango (Terence Hill),3,Boot Hill,1969,3,2.97,3.16,-0.19,-6.0,worse
Jarhead,1,Jarhead,2005,4,3.56,2.82,0.74,26.0,better
Jarhead,2,Jarhead 2: Field of Fire,2014,4,2.43,2.82,-0.39,-14.0,worse
Jarhead,3,Jarhead 3: The Siege,2016,4,2.54,2.82,-0.28,-10.0,worse
Jarhead,4,Jarhead: Law of Return,2019,4,2.76,2.82,-0.06,-2.0,worse
Jarle Klepp-trilogien,1,The Man Who Loved Yngve,2008,3,3.52,3.47,0.05,1.0,better
Jarle Klepp-trilogien,2,I Travel Alone,2011,3,3.42,3.47,-0.05,-1.0,worse
Jarle Klepp-trilogien,3,The Orheim Company,2012,3,3.46,3.47,-0.01,-0.0,worse
Jaws,1,Jaws,1975,4,3.98,2.51,1.47,59.0,better
Jaws,2,Jaws 2,1978,4,2.71,2.51,0.2,8.0,better
Jaws,3,Jaws 3-D,1983,4,1.77,2.51,-0.74,-29.0,worse
Jaws,4,Jaws: The Revenge,1987,4,1.58,2.51,-0.93,-37.0,worse
Jay and Silent Bob,1,Jay and Silent Bob Strike Back,2001,3,3.13,2.64,0.49,19.0,better
Jay and Silent Bob,2,Jay and Silent Bob's Super Groovy Cartoon Movie,2013,3,2.16,2.64,-0.48,-18.0,worse
Jay and Silent Bob,3,Jay and Silent Bob Reboot,2019,3,2.62,2.64,-0.02,-1.0,worse
Jeepers Creepers,1,Jeepers Creepers,2001,4,3.02,2.09,0.93,44.0,better
Jeepers Creepers,2,Jeepers Creepers 2,2003,4,2.69,2.09,0.6,29.0,better
Jeepers Creepers,3,Jeepers Creepers 3,2017,4,1.53,2.09,-0.56,-27.0,worse
Jeepers Creepers,4,Jeepers Creepers: Reborn,2022,4,1.14,2.09,-0.95,-45.0,worse
Jesse Stone,1,Stone Cold,2005,9,3.18,3.27,-0.09,-3.0,worse
Jesse Stone,2,Jesse Stone: Night Passage,2006,9,3.27,3.27,0.0,0.0,equal
Jesse Stone,3,Jesse Stone: Death in Paradise,2006,9,3.28,3.27,0.01,0.0,better
Jesse Stone,4,Jesse Stone: Sea Change,2007,9,3.26,3.27,-0.01,-0.0,worse
Jesse Stone,5,Jesse Stone: Thin Ice,2009,9,3.29,3.27,0.02,1.0,better
Jesse Stone,6,Jesse Stone: No Remorse,2010,9,3.3,3.27,0.03,1.0,better
Jesse Stone,7,Jesse Stone: Innocents Lost,2011,9,3.24,3.27,-0.03,-1.0,worse
Jesse Stone,8,Jesse Stone: Benefit of the Doubt,2012,9,3.28,3.27,0.01,0.0,better
Jesse Stone,9,Jesse Stone: Lost in Paradise,2015,9,3.3,3.27,0.03,1.0,better
Jimmy Timmy Power Hour,1,Jimmy Timmy Power Hour,2004,3,3.16,3.06,0.1,3.0,better
Jimmy Timmy Power Hour,2,Jimmy Timmy Power Hour 2: When Nerds Collide,2006,3,3.06,3.06,0.0,0.0,equal
Jimmy Timmy Power Hour,3,Jimmy Timmy Power Hour 3: The Jerkinators!,2006,3,2.95,3.06,-0.11,-4.0,worse
Johan Falk,1,Zero Tolerance,1999,3,3.31,3.24,0.07,2.0,better
Johan Falk,2,Executive Protection,2001,3,3.23,3.24,-0.01,-0.0,worse
Johan Falk,3,The Third Wave,2003,3,3.19,3.24,-0.05,-2.0,worse
John Wick,1,John Wick,2014,4,3.8,3.78,0.02,1.0,better
John Wick,2,John Wick: Chapter 2,2017,4,3.69,3.78,-0.09,-2.0,worse
John Wick,3,John Wick: Chapter 3 – Parabellum,2019,4,3.68,3.78,-0.1,-3.0,worse
John Wick,4,John Wick: Chapter 4,2023,4,3.96,3.78,0.18,5.0,better
Johnny English,1,Johnny English,2003,3,2.93,2.84,0.09,3.0,better
Johnny English,2,Johnny English Reborn,2011,3,2.87,2.84,0.03,1.0,better
Johnny English,3,Johnny English Strikes Again,2018,3,2.73,2.84,-0.11,-4.0,worse
Joy Ride,1,Joy Ride,2001,3,3.15,2.56,0.59,23.0,better
Joy Ride,2,Joy Ride 2: Dead Ahead,2008,3,2.3,2.56,-0.26,-10.0,worse
Joy Ride,3,Joy Ride 3,2014,3,2.22,2.56,-0.34,-13.0,worse
João de Deus Trilogy,1,Recollections of the Yellow House,1989,3,3.8,3.81,-0.01,-0.0,worse
João de Deus Trilogy,2,God's Comedy,1995,3,3.9,3.81,0.09,2.0,better
João de Deus Trilogy,3,As Bodas de Deus,1999,3,3.73,3.81,-0.08,-2.0,worse
Ju-on,1,Ju-on: The Curse,2000,8,3.37,2.94,0.43,15.0,better
Ju-on,2,Ju-on: The Curse 2,2000,8,2.87,2.94,-0.07,-2.0,worse
Ju-on,3,Ju-on: The Grudge,2002,8,3.39,2.94,0.45,15.0,better
Ju-on,4,Ju-on: The Grudge 2,2003,8,3.26,2.94,0.32,11.0,better
Ju-on,5,Ju-on: White Ghost,2009,8,2.9,2.94,-0.04,-1.0,worse
Ju-on,6,Ju-on: Black Ghost,2009,8,2.58,2.94,-0.36,-12.0,worse
Ju-on,7,Ju-on: The Beginning of the End,2014,8,2.61,2.94,-0.33,-11.0,worse
Ju-on,8,Ju-on: The Final Curse,2015,8,2.52,2.94,-0.42,-14.0,worse
Jumanji,1,Jumanji,1995,3,3.58,3.17,0.41,13.0,better
Jumanji,2,Jumanji: Welcome to the Jungle,2017,3,3.06,3.17,-0.11,-3.0,worse
Jumanji,3,Jumanji: The Next Level,2019,3,2.86,3.17,-0.31,-10.0,worse
Jurassic Park,1,Jurassic Park,1993,6,4.11,2.93,1.18,40.0,better
Jurassic Park,2,The Lost World: Jurassic Park,1997,6,3.06,2.93,0.13,4.0,better
Jurassic Park,3,Jurassic Park III,2001,6,2.71,2.93,-0.22,-8.0,worse
Jurassic Park,4,Jurassic World,2015,6,2.99,2.93,0.06,2.0,better
Jurassic Park,5,Jurassic World: Fallen Kingdom,2018,6,2.55,2.93,-0.38,-13.0,worse
Jurassic Park,6,Jurassic World Dominion,2022,6,2.18,2.93,-0.75,-26.0,worse
Justice League (Animated),1,Justice League: The Flashpoint Paradox,2013,3,3.75,3.3,0.45,14.0,better
Justice League (Animated),2,Justice League: War,2014,3,3.22,3.3,-0.08,-2.0,worse
Justice League (Animated),3,Justice League: Throne of Atlantis,2015,3,2.93,3.3,-0.37,-11.0,worse
Jönsson Gang,1,Beware of the Jönsson Gang,1981,8,3.34,3.24,0.1,3.0,better
Jönsson Gang,2,The Jönsson Gang & Dynamite Harry,1982,8,3.31,3.24,0.07,2.0,better
Jönsson Gang,3,The Jönsson Gang Gets Gold Fever,1984,8,3.38,3.24,0.14,4.0,better
Jönsson Gang,4,The Jönsson Gang Turns Up Again,1986,8,3.3,3.24,0.06,2.0,better
Jönsson Gang,5,The Jönsson Gang in Mallorca,1989,8,3.28,3.24,0.04,1.0,better
Jönsson Gang,6,The Jönsson Gang & the Black Diamond,1992,8,3.21,3.24,-0.03,-1.0,worse
Jönsson Gang,7,The Jönsson Gang's Greatest Robbery,1995,8,3.09,3.24,-0.15,-5.0,worse
Jönsson Gang,8,The Jönsson Gang at High Stakes,2000,8,3.02,3.24,-0.22,-7.0,worse
K-9,1,K-9,1989,3,2.78,2.75,0.03,1.0,better
K-9,2,K-911,1999,3,2.67,2.75,-0.08,-3.0,worse
K-9,3,K-9: P.I.,2002,3,2.79,2.75,0.04,1.0,better
KAIJI,1,Kaiji: The Ultimate Gambler,2009,3,3.21,3.16,0.05,2.0,better
KAIJI,2,Kaiji 2: The Ultimate Gambler,2011,3,3.24,3.16,0.08,3.0,better
KAIJI,3,Kaiji: Final Game,2020,3,3.02,3.16,-0.14,-4.0,worse
Kadın Temalı Düşsel Fantazya,1,Her Name Is Vasfiye,1985,3,3.66,3.72,-0.06,-2.0,worse
Kadın Temalı Düşsel Fantazya,2,Aaahh Belinda,1986,3,3.84,3.72,0.12,3.0,better
Kadın Temalı Düşsel Fantazya,3,"My Dreams, My Love, and You",1987,3,3.66,3.72,-0.06,-2.0,worse
Kahaani,1,Kahaani,2012,3,3.73,3.33,0.4,12.0,better
Kahaani,2,Kahaani 2,2016,3,3.15,3.33,-0.18,-5.0,worse
Kahaani,3,Bob Biswas,2021,3,3.12,3.33,-0.21,-6.0,worse
Karnstein (Hammer),1,The Vampire Lovers,1970,3,3.24,3.12,0.12,4.0,better
Karnstein (Hammer),2,Lust for a Vampire,1971,3,2.8,3.12,-0.32,-10.0,worse
Karnstein (Hammer),3,Twins of Evil,1971,3,3.32,3.12,0.2,6.0,better
Kenji Misumi's Trilogy of the Sword,1,Destiny's Son,1962,3,3.53,3.54,-0.01,-0.0,worse
Kenji Misumi's Trilogy of the Sword,2,Ken,1964,3,3.58,3.54,0.04,1.0,better
Kenji Misumi's Trilogy of the Sword,3,Sword Devil,1965,3,3.51,3.54,-0.03,-1.0,worse
Kerberos Saga,1,The Red Spectacles,1987,3,3.64,3.67,-0.03,-1.0,worse
Kerberos Saga,2,Stray Dog: Kerberos Panzer Cops,1991,3,3.51,3.67,-0.16,-4.0,worse
Kerberos Saga,3,Jin-Roh: The Wolf Brigade,1999,3,3.86,3.67,0.19,5.0,better
Khun Pan,1,Khun Pan,2016,3,3.01,3.22,-0.21,-7.0,worse
Khun Pan,2,Khun Pan 2,2018,3,3.21,3.22,-0.01,-0.0,worse
Khun Pan,3,Khun Pan 3,2023,3,3.44,3.22,0.22,7.0,better
Kickboxer,1,Kickboxer,1989,5,3.15,2.77,0.38,14.0,better
Kickboxer,2,Kickboxer 2: The Road Back,1991,5,2.56,2.77,-0.21,-8.0,worse
Kickboxer,3,Kickboxer 3: The Art of War,1992,5,2.69,2.77,-0.08,-3.0,worse
Kickboxer,4,Kickboxer 4: The Aggressor,1994,5,2.69,2.77,-0.08,-3.0,worse
Kickboxer,5,The Redemption: Kickboxer 5,1995,5,2.74,2.77,-0.03,-1.0,worse
Killer Tomatoes!,1,Attack of the Killer Tomatoes!,1978,4,2.57,2.8,-0.23,-8.0,worse
Killer Tomatoes!,2,Return of the Killer Tomatoes!,1988,4,2.89,2.8,0.1,4.0,better
Killer Tomatoes!,3,Killer Tomatoes Strike Back!,1991,4,2.84,2.8,0.04,1.0,better
Killer Tomatoes!,4,Killer Tomatoes Eat France!,1992,4,2.88,2.8,0.08,3.0,better
Killjoy,1,Killjoy,2000,5,1.78,2.53,-0.75,-30.0,worse
Killjoy,2,Killjoy 2: Deliverance from Evil,2002,5,2.3,2.53,-0.23,-9.0,worse
Killjoy,3,Killjoy 3,2010,5,2.73,2.53,0.2,8.0,better
Killjoy,4,Killjoy Goes to Hell,2012,5,2.97,2.53,0.44,17.0,better
Killjoy,5,Killjoy's Psycho Circus,2016,5,2.89,2.53,0.36,14.0,better
King of Guns,1,Double Tap,2000,3,3.37,3.35,0.02,1.0,better
King of Guns,2,One Nite in Mongkok,2004,3,3.52,3.35,0.17,5.0,better
King of Guns,3,Triple Tap,2010,3,3.17,3.35,-0.18,-5.0,worse
Kingsman,1,Kingsman: The Secret Service,2014,3,3.71,3.18,0.53,17.0,better
Kingsman,2,Kingsman: The Golden Circle,2017,3,3.09,3.18,-0.09,-3.0,worse
Kingsman,3,The King's Man,2021,3,2.75,3.18,-0.43,-14.0,worse
Kirikou,1,Kirikou and the Sorceress,1998,3,3.88,3.67,0.21,6.0,better
Kirikou,2,Kirikou and the Wild Beasts,2005,3,3.59,3.67,-0.08,-2.0,worse
Kirikou,3,Kirikou and the Men and Women,2012,3,3.54,3.67,-0.13,-4.0,worse
Kizumonogatari,1,Kizumonogatari Part 1: Tekketsu,2016,3,3.89,4.03,-0.14,-3.0,worse
Kizumonogatari,2,Kizumonogatari Part 2: Nekketsu,2016,3,4.01,4.03,-0.02,-0.0,worse
Kizumonogatari,3,Kizumonogatari Part 3: Reiketsu,2017,3,4.2,4.03,0.17,4.0,better
Klown,1,Klown,2010,3,3.48,3.32,0.16,5.0,better
Klown,2,Klown Forever,2015,3,3.18,3.32,-0.14,-4.0,worse
Klown,3,Klovn the Final,2020,3,3.31,3.32,-0.01,-0.0,worse
Kolah Ghermezi,1,Redhat and Cousin,1994,3,3.57,3.17,0.4,13.0,better
Kolah Ghermezi,2,Redhat and Sarvenaz,2002,3,3.04,3.17,-0.13,-4.0,worse
Kolah Ghermezi,3,Redhat and Mama's Boy,2012,3,2.91,3.17,-0.26,-8.0,worse
Kolpaçino [Seri],1,Kolpaçino,2009,3,3.37,3.05,0.32,10.0,better
Kolpaçino [Seri],2,Kolpaçino: Bomba,2011,3,3.08,3.05,0.03,1.0,better
Kolpaçino [Seri],3,Kolpaçino: 3. Devre,2016,3,2.71,3.05,-0.34,-11.0,worse
Krrish,1,Koi... Mil Gaya,2003,3,3.19,2.73,0.46,17.0,better
Krrish,2,Krrish,2006,3,2.82,2.73,0.09,3.0,better
Krrish,3,Krrish 3,2013,3,2.19,2.73,-0.54,-20.0,worse
Kudo's Samurai Revolution Trilogy,1,13 Assassins,1963,3,3.64,3.56,0.08,2.0,better
Kudo's Samurai Revolution Trilogy,2,The Great Duel,1964,3,3.51,3.56,-0.05,-1.0,worse
Kudo's Samurai Revolution Trilogy,3,Eleven Samurai,1967,3,3.52,3.56,-0.04,-1.0,worse
Kung Fu Panda,1,Kung Fu Panda,2008,3,3.79,3.54,0.25,7.0,better
Kung Fu Panda,2,Kung Fu Panda 2,2011,3,3.61,3.54,0.07,2.0,better
Kung Fu Panda,3,Kung Fu Panda 3,2016,3,3.23,3.54,-0.31,-9.0,worse
Kuntilanak (Remake),1,Kuntilanak,2018,3,2.63,2.79,-0.16,-6.0,worse
Kuntilanak (Remake),2,Kuntilanak 2,2019,3,2.93,2.79,0.14,5.0,better
Kuntilanak (Remake),3,Kuntilanak 3,2022,3,2.82,2.79,0.03,1.0,better
Kuroko no Basket: Winter Cup Soushuuhen,1,Kuroko's Basketball - Movie: Winter Cup - Shadow and Light,2016,3,3.56,3.57,-0.01,-0.0,worse
Kuroko no Basket: Winter Cup Soushuuhen,2,Kuroko's Basketball - Movie: Winter Cup - Beyond the Tears,2016,3,3.55,3.57,-0.02,-1.0,worse
Kuroko no Basket: Winter Cup Soushuuhen,3,Kuroko's Basketball - Movie: Winter Cup - Crossing the Door,2016,3,3.6,3.57,0.03,1.0,better
Kutsal Damacana [Seri],1,Kutsal Damacana,2007,4,2.85,2.64,0.22,8.0,better
Kutsal Damacana [Seri],2,Kutsal Damacana 2: İtmen,2010,4,2.66,2.64,0.03,1.0,better
Kutsal Damacana [Seri],3,Kutsal Damacana: Dracoola,2011,4,2.5,2.64,-0.13,-5.0,worse
Kutsal Damacana [Seri],4,Kutsal Damacana 4,2023,4,2.53,2.64,-0.1,-4.0,worse
Kya Kool Hain Hum,1,Kyaa Kool Hai Hum,2005,3,2.92,2.73,0.19,7.0,better
Kya Kool Hain Hum,2,Kyaa Super Kool Hain Hum,2012,3,2.77,2.73,0.04,1.0,better
Kya Kool Hain Hum,3,Kyaa Kool Hain Hum 3,2016,3,2.51,2.73,-0.22,-8.0,worse
Küçük Adam Üçlemesi,1,Davacı,1986,3,3.35,3.41,-0.06,-2.0,worse
Küçük Adam Üçlemesi,2,Yoksul,1986,3,3.46,3.41,0.05,1.0,better
Küçük Adam Üçlemesi,3,Queer World,1988,3,3.43,3.41,0.02,1.0,better
L.C.U,1,Kaithi,2019,3,3.83,3.64,0.19,5.0,better
L.C.U,2,Vikram,2022,3,3.74,3.64,0.1,3.0,better
L.C.U,3,Leo,2023,3,3.34,3.64,-0.3,-8.0,worse
LEGO DC Comics Super Heroes,1,Lego Batman: The Movie - DC Super Heroes Unite,2013,9,2.95,2.9,0.05,2.0,better
LEGO DC Comics Super Heroes,2,LEGO DC Comics Super Heroes: Justice League vs. Bizarro League,2015,9,2.74,2.9,-0.16,-6.0,worse
LEGO DC Comics Super Heroes,3,LEGO DC Comics Super Heroes: Justice League - Attack of the Legion of Doom!,2015,9,2.87,2.9,-0.03,-1.0,worse
LEGO DC Comics Super Heroes,4,LEGO DC Comics Super Heroes: Justice League: Cosmic Clash,2016,9,2.89,2.9,-0.01,-0.0,worse
LEGO DC Comics Super Heroes,5,LEGO DC Comics Super Heroes: Justice League - Gotham City Breakout,2016,9,2.81,2.9,-0.09,-3.0,worse
LEGO DC Comics Super Heroes,6,Lego DC Comics Super Heroes: The Flash,2018,9,2.98,2.9,0.08,3.0,better
LEGO DC Comics Super Heroes,7,LEGO DC Super Heroes - Aquaman: Rage Of Atlantis,2018,9,2.85,2.9,-0.05,-2.0,worse
LEGO DC Comics Super Heroes,8,Lego DC Batman: Family Matters,2019,9,3.08,2.9,0.18,6.0,better
LEGO DC Comics Super Heroes,9,LEGO DC: Shazam! Magic and Monsters,2020,9,2.97,2.9,0.07,2.0,better
LEGO Star Wars (Seasonal),1,LEGO Star Wars Holiday Special,2020,3,3.08,3.02,0.06,2.0,better
LEGO Star Wars (Seasonal),2,LEGO Star Wars Terrifying Tales,2021,3,2.95,3.02,-0.07,-2.0,worse
LEGO Star Wars (Seasonal),3,LEGO Star Wars Summer Vacation,2022,3,3.03,3.02,0.01,0.0,better
LUPIN THE IIIRD,1,Lupin the Third: Jigen's Gravestone,2014,3,3.62,3.61,0.01,0.0,better
LUPIN THE IIIRD,2,Lupin the Third: Goemon's Blood Spray,2017,3,3.79,3.61,0.18,5.0,better
LUPIN THE IIIRD,3,Lupin the Third: Fujiko's Lie,2019,3,3.42,3.61,-0.19,-5.0,worse
La Abuela,1,El cumple de la abuela,2015,3,2.81,2.74,0.07,3.0,better
La Abuela,2,Grandma's Wedding,2019,3,2.72,2.74,-0.02,-1.0,worse
La Abuela,3,Grandma's Last Wishes,2020,3,2.7,2.74,-0.04,-1.0,worse
Lake Placid,1,Lake Placid,1999,6,2.74,1.94,0.8,41.0,better
Lake Placid,2,Lake Placid 2,2007,6,1.81,1.94,-0.13,-7.0,worse
Lake Placid,3,Lake Placid 3,2010,6,1.78,1.94,-0.16,-8.0,worse
Lake Placid,4,Lake Placid: The Final Chapter,2012,6,1.84,1.94,-0.1,-5.0,worse
Lake Placid,5,Lake Placid vs. Anaconda,2015,6,1.66,1.94,-0.28,-14.0,worse
Lake Placid,6,Lake Placid: Legacy,2018,6,1.82,1.94,-0.12,-6.0,worse
Las Leyendas,1,The Legend of the Nahuala,2007,7,3.25,3.17,0.08,3.0,better
Las Leyendas,2,The Legend of La Llorona,2011,7,3.3,3.17,0.13,4.0,better
Las Leyendas,3,Legend Quest: The Legend of the Guanajuato Mummies,2014,7,3.11,3.17,-0.06,-2.0,worse
Las Leyendas,4,The Legend of the Chupacabras,2016,7,3.01,3.17,-0.16,-5.0,worse
Las Leyendas,5,The Legend of the Black Charro,2018,7,3.28,3.17,0.11,3.0,better
Las Leyendas,6,Legend Quest: The Origin,2021,7,2.99,3.17,-0.18,-6.0,worse
Las Leyendas,7,The Legend of the Spirits,2023,7,3.27,3.17,0.1,3.0,better
Laskar Pelangi,1,The Rainbow Troops,2008,3,3.63,3.39,0.24,7.0,better
Laskar Pelangi,2,The Dreamer,2009,3,3.41,3.39,0.02,1.0,better
Laskar Pelangi,3,Laskar Pelangi 2: Edensor,2013,3,3.14,3.39,-0.25,-7.0,worse
Le Gendarme de Saint-Tropez,1,Le Gendarme de Saint-Tropez,1964,6,3.51,3.21,0.3,9.0,better
Le Gendarme de Saint-Tropez,2,The Gendarme in New York,1965,6,3.21,3.21,0.0,0.0,equal
Le Gendarme de Saint-Tropez,3,The Gendarme Gets Married,1968,6,3.26,3.21,0.05,2.0,better
Le Gendarme de Saint-Tropez,4,The Gendarme Takes Off,1970,6,3.19,3.21,-0.02,-1.0,worse
Le Gendarme de Saint-Tropez,5,The Gendarme and the Creatures from Outer Space,1979,6,3.09,3.21,-0.12,-4.0,worse
Le Gendarme de Saint-Tropez,6,The Gendarme and the Gendarmettes,1982,6,2.98,3.21,-0.23,-7.0,worse
Left Behind,1,Left Behind: The Movie,2000,3,1.86,2.12,-0.26,-12.0,worse
Left Behind,2,Left Behind II: Tribulation Force,2002,3,2.19,2.12,0.07,3.0,better
Left Behind,3,Left Behind: World at War,2005,3,2.31,2.12,0.19,9.0,better
Legend of the Galactic Heroes,1,Legend of the Galactic Heroes: My Conquest Is the Sea of Stars,1988,3,3.94,3.73,0.21,6.0,better
Legend of the Galactic Heroes,2,Legend of the Galactic Heroes: Golden Wings,1992,3,3.24,3.73,-0.49,-13.0,worse
Legend of the Galactic Heroes,3,Legend of the Galactic Heroes: Overture to a New War,1993,3,4.0,3.73,0.27,7.0,better
Leprechaun,1,Leprechaun,1993,7,2.36,2.29,0.07,3.0,better
Leprechaun,2,Leprechaun 2,1994,7,2.35,2.29,0.06,3.0,better
Leprechaun,3,Leprechaun 3,1995,7,2.55,2.29,0.26,11.0,better
Leprechaun,4,Leprechaun 4: In Space,1996,7,1.95,2.29,-0.34,-15.0,worse
Leprechaun,5,Leprechaun in the Hood,2000,7,2.17,2.29,-0.12,-5.0,worse
Leprechaun,6,Leprechaun: Back 2 tha Hood,2003,7,2.06,2.29,-0.23,-10.0,worse
Leprechaun,7,Leprechaun Returns,2018,7,2.58,2.29,0.29,13.0,better
Lethal Weapon,1,Lethal Weapon,1987,4,3.71,3.38,0.33,10.0,better
Lethal Weapon,2,Lethal Weapon 2,1989,4,3.56,3.38,0.18,5.0,better
Lethal Weapon,3,Lethal Weapon 3,1992,4,3.17,3.38,-0.21,-6.0,worse
Lethal Weapon,4,Lethal Weapon 4,1998,4,3.07,3.38,-0.31,-9.0,worse
Letters to Santa,1,Letters to Santa,2011,5,3.35,3.08,0.27,9.0,better
Letters to Santa,2,Letters to Santa 2,2015,5,3.06,3.08,-0.02,-1.0,worse
Letters to Santa,3,Letters to Santa 3,2017,5,3.01,3.08,-0.07,-2.0,worse
Letters to Santa,4,Letters to Santa 4,2021,5,2.91,3.08,-0.17,-6.0,worse
Letters to Santa,5,Letters to Santa 5,2022,5,3.08,3.08,-0.0,-0.0,equal
Lilo & Stitch,1,Lilo & Stitch,2002,4,3.96,3.22,0.74,23.0,better
Lilo & Stitch,2,Stitch! The Movie,2003,4,2.98,3.22,-0.24,-7.0,worse
Lilo & Stitch,3,Lilo & Stitch 2: Stitch Has a Glitch,2005,4,3.05,3.22,-0.17,-5.0,worse
Lilo & Stitch,4,Leroy & Stitch,2006,4,2.89,3.22,-0.33,-10.0,worse
Little Nicholas Trilogy,1,Little Nicholas,2009,3,3.34,3.08,0.26,8.0,better
Little Nicholas Trilogy,2,Nicholas on Holiday,2014,3,2.86,3.08,-0.22,-7.0,worse
Little Nicholas Trilogy,3,Little Nicholas' Treasure,2021,3,3.03,3.08,-0.05,-2.0,worse
Living Dead,1,Night of the Living Dead,1968,4,3.97,3.65,0.32,9.0,better
Living Dead,2,Dawn of the Dead,1978,4,3.97,3.65,0.32,9.0,better
Living Dead,3,Day of the Dead,1985,4,3.76,3.65,0.11,3.0,better
Living Dead,4,Land of the Dead,2005,4,2.91,3.65,-0.74,-20.0,worse
Lone Wolf and Cub,1,Lone Wolf and Cub: Sword of Vengeance,1972,6,3.78,3.76,0.02,1.0,better
Lone Wolf and Cub,2,Lone Wolf and Cub: Baby Cart at the River Styx,1972,6,3.98,3.76,0.22,6.0,better
Lone Wolf and Cub,3,Lone Wolf and Cub: Baby Cart to Hades,1972,6,3.71,3.76,-0.05,-1.0,worse
Lone Wolf and Cub,4,Lone Wolf and Cub: Baby Cart in Peril,1972,6,3.74,3.76,-0.02,-1.0,worse
Lone Wolf and Cub,5,Lone Wolf and Cub: Baby Cart in the Land of Demons,1973,6,3.69,3.76,-0.07,-2.0,worse
Lone Wolf and Cub,6,Lone Wolf and Cub: White Heaven in Hell,1974,6,3.65,3.76,-0.11,-3.0,worse
Long flat balls,1,Long Flat Balls,2006,3,3.2,3.15,0.05,2.0,better
Long flat balls,2,Long Flat Balls II,2008,3,3.04,3.15,-0.11,-3.0,worse
Long flat balls,3,Long Flat Balls III,2022,3,3.22,3.15,0.07,2.0,better
Look Who's Talking,1,Look Who's Talking,1989,3,2.84,2.46,0.38,15.0,better
Look Who's Talking,2,Look Who's Talking Too,1990,3,2.35,2.46,-0.11,-4.0,worse
Look Who's Talking,3,Look Who's Talking Now!,1993,3,2.19,2.46,-0.27,-11.0,worse
Lost Boys,1,The Lost Boys,1987,3,3.63,2.63,1.0,38.0,better
Lost Boys,2,Lost Boys: The Tribe,2008,3,2.04,2.63,-0.59,-22.0,worse
Lost Boys,3,Lost Boys: The Thirst,2010,3,2.23,2.63,-0.4,-15.0,worse
Lost,1,Lost on Journey,2010,4,3.32,3.01,0.31,10.0,better
Lost,2,Lost in Thailand,2012,4,3.02,3.01,0.01,0.0,better
Lost,3,Lost in Hong Kong,2015,4,2.82,3.01,-0.19,-6.0,worse
Lost,4,Lost in Russia,2020,4,2.9,3.01,-0.11,-4.0,worse
Louis & Luca,1,The Pinchcliffe Grand Prix,1975,5,3.83,3.45,0.38,11.0,better
Louis & Luca,2,Gurin with the Foxtail,1998,5,3.36,3.45,-0.09,-3.0,worse
Louis & Luca,3,Louis & Luca and the Snow Machine,2013,5,3.39,3.45,-0.06,-2.0,worse
Louis & Luca,4,Louis & Luca: The Big Cheese Race,2015,5,3.34,3.45,-0.11,-3.0,worse
Louis & Luca,5,Louis & Luca: Mission to the Moon,2018,5,3.35,3.45,-0.1,-3.0,worse
Love in a...,1,Love in a Puff,2010,3,3.59,3.39,0.2,6.0,better
Love in a...,2,Love in the Buff,2012,3,3.32,3.39,-0.07,-2.0,worse
Love in a...,3,Love Off the Cuff,2017,3,3.27,3.39,-0.12,-4.0,worse
MVP,1,MVP: Most Valuable Primate,2000,3,2.47,2.68,-0.21,-8.0,worse
MVP,2,MVP 2: Most Vertical Primate,2001,3,2.75,2.68,0.07,3.0,better
MVP,3,MXP: Most Xtreme Primate,2004,3,2.82,2.68,0.14,5.0,better
Mad Max,1,Mad Max,1979,4,3.36,3.62,-0.26,-7.0,worse
Mad Max,2,Mad Max 2,1981,4,3.91,3.62,0.29,8.0,better
Mad Max,3,Mad Max Beyond Thunderdome,1985,4,3.02,3.62,-0.6,-17.0,worse
Mad Max,4,Mad Max: Fury Road,2015,4,4.17,3.62,0.55,15.0,better
Madagascar,1,Madagascar,2005,3,3.43,3.11,0.32,10.0,better
Madagascar,2,Madagascar: Escape 2 Africa,2008,3,3.04,3.11,-0.07,-2.0,worse
Madagascar,3,Madagascar 3: Europe's Most Wanted,2012,3,2.87,3.11,-0.24,-8.0,worse
Made in Abyss (Movie),1,Made in Abyss: Journey's Dawn,2019,3,3.74,3.86,-0.12,-3.0,worse
Made in Abyss (Movie),2,Made in Abyss: Wandering Twilight,2019,3,3.9,3.86,0.04,1.0,better
Made in Abyss (Movie),3,Made in Abyss: Dawn of the Deep Soul,2020,3,3.95,3.86,0.09,2.0,better
Magic Mike,1,Magic Mike,2012,3,2.97,2.89,0.08,3.0,better
Magic Mike,2,Magic Mike XXL,2015,3,3.14,2.89,0.25,9.0,better
Magic Mike,3,Magic Mike's Last Dance,2023,3,2.55,2.89,-0.34,-12.0,worse
Maigret (Jean Gabin),1,Maigret Sets a Trap,1958,3,3.5,3.42,0.08,2.0,better
Maigret (Jean Gabin),2,Maigret and the St. Fiacre Case,1959,3,3.44,3.42,0.02,1.0,better
Maigret (Jean Gabin),3,Maigret Sees Red,1963,3,3.31,3.42,-0.11,-3.0,worse
Major League,1,Major League,1989,3,3.49,2.83,0.66,23.0,better
Major League,2,Major League II,1994,3,2.76,2.83,-0.07,-2.0,worse
Major League,3,Major League: Back to the Minors,1998,3,2.23,2.83,-0.6,-21.0,worse
Malevolence,1,Malevolence,2004,3,2.6,2.63,-0.03,-1.0,worse
Malevolence,2,Bereavement,2010,3,2.51,2.63,-0.12,-5.0,worse
Malevolence,3,Malevolence 3: Killer,2018,3,2.79,2.63,0.16,6.0,better
Maniac Cop,1,Maniac Cop,1988,3,3.08,2.96,0.12,4.0,better
Maniac Cop,2,Maniac Cop 2,1990,3,3.21,2.96,0.25,8.0,better
Maniac Cop,3,Maniac Cop 3: Badge of Silence,1993,3,2.59,2.96,-0.37,-13.0,worse
Manual of Love,1,The Manual of Love,2005,3,3.11,2.98,0.13,4.0,better
Manual of Love,2,The Manual of Love 2,2007,3,2.98,2.98,-0.0,-0.0,equal
Manual of Love,3,Ages of Love,2011,3,2.86,2.98,-0.12,-4.0,worse
Marcel Pagnol's Marseille Trilogy,1,Marius,1931,3,3.9,3.82,0.08,2.0,better
Marcel Pagnol's Marseille Trilogy,2,Fanny,1932,3,3.83,3.82,0.01,0.0,better
Marcel Pagnol's Marseille Trilogy,3,César,1936,3,3.73,3.82,-0.09,-2.0,worse
Mardock Scramble,1,Mardock Scramble: The First Compression,2010,3,3.28,3.27,0.01,0.0,better
Mardock Scramble,2,Mardock Scramble: The Second Combustion,2011,3,3.24,3.27,-0.03,-1.0,worse
Mardock Scramble,3,Mardock Scramble: The Third Exhaust,2012,3,3.28,3.27,0.01,0.0,better
Martial Law,1,Martial Law,1990,4,2.74,2.98,-0.24,-8.0,worse
Martial Law,2,Martial Law II: Undercover,1991,4,2.88,2.98,-0.1,-3.0,worse
Martial Law,3,Mission of Justice,1992,4,3.18,2.98,0.2,7.0,better
Martial Law,4,Martial Outlaw,1993,4,3.12,2.98,0.14,5.0,better
Marvel Rising,1,Marvel Rising: Secret Warriors,2018,3,2.95,3.03,-0.08,-3.0,worse
Marvel Rising,2,Marvel Rising: Heart of Iron,2019,3,3.04,3.03,0.01,0.0,better
Marvel Rising,3,Marvel Rising: Playing with Fire,2019,3,3.11,3.03,0.08,3.0,better
Maskeli Beşler [Seri],1,Maskeli Beşler: İntikam Peşinde,2005,3,2.84,2.77,0.07,3.0,better
Maskeli Beşler [Seri],2,The Masked Gang: Iraq,2007,3,2.76,2.77,-0.01,-0.0,worse
Maskeli Beşler [Seri],3,Maskeli Beşler: Kıbrıs,2008,3,2.7,2.77,-0.07,-3.0,worse
Masti,1,Masti,2004,3,2.92,2.66,0.26,10.0,better
Masti,2,Grand Masti,2013,3,2.62,2.66,-0.04,-2.0,worse
Masti,3,Great Grand Masti,2016,3,2.45,2.66,-0.21,-8.0,worse
Matt Helm,1,The Silencers,1966,4,2.96,2.93,0.03,1.0,better
Matt Helm,2,Murderers' Row,1966,4,3.09,2.93,0.16,5.0,better
Matt Helm,3,The Ambushers,1967,4,3.0,2.93,0.07,2.0,better
Matt Helm,4,The Wrecking Crew,1968,4,2.67,2.93,-0.26,-9.0,worse
Meatballs,1,Meatballs,1979,4,3.04,2.7,0.34,13.0,better
Meatballs,2,Meatballs: Part II,1984,4,2.45,2.7,-0.25,-9.0,worse
Meatballs,3,Meatballs III: Summer Job,1986,4,2.72,2.7,0.02,1.0,better
Meatballs,4,Meatballs 4: To the Rescue,1992,4,2.59,2.7,-0.11,-4.0,worse
Meet the Parents,1,Meet the Parents,2000,3,3.27,2.83,0.44,16.0,better
Meet the Parents,2,Meet the Fockers,2004,3,2.86,2.83,0.03,1.0,better
Meet the Parents,3,Little Fockers,2010,3,2.35,2.83,-0.48,-17.0,worse
Mega Shark,1,Mega Shark vs. Giant Octopus,2009,4,1.7,1.84,-0.14,-8.0,worse
Mega Shark,2,Mega Shark vs. Crocosaurus,2010,4,1.68,1.84,-0.16,-9.0,worse
Mega Shark,3,Mega Shark vs. Mecha Shark,2014,4,1.72,1.84,-0.12,-7.0,worse
Mega Shark,4,Mega Shark vs. Kolossus,2015,4,2.25,1.84,0.41,22.0,better
Men In Black,1,Men in Black,1997,3,3.63,3.2,0.43,13.0,better
Men In Black,2,Men in Black II,2002,3,2.9,3.2,-0.3,-9.0,worse
Men In Black,3,Men in Black 3,2012,3,3.06,3.2,-0.14,-4.0,worse
Mexico,1,El Mariachi,1992,3,3.4,3.29,0.11,3.0,better
Mexico,2,Desperado,1995,3,3.48,3.29,0.19,6.0,better
Mexico,3,Once Upon a Time in Mexico,2003,3,2.99,3.29,-0.3,-9.0,worse
Mi Nismo Anđeli,1,We Are Not Angels,1992,3,3.67,3.32,0.35,11.0,better
Mi Nismo Anđeli,2,We Are Not Angels 2,2005,3,3.3,3.32,-0.02,-1.0,worse
Mi Nismo Anđeli,3,We Are Not Angels 3: Rock & Roll Strike Back,2006,3,3.0,3.32,-0.32,-10.0,worse
Mick Travis,1,if....,1968,3,3.77,3.6,0.17,5.0,better
Mick Travis,2,O Lucky Man!,1973,3,3.81,3.6,0.21,6.0,better
Mick Travis,3,Britannia Hospital,1982,3,3.23,3.6,-0.37,-10.0,worse
Milieu trilogy,1,Caliber 9,1972,3,3.73,3.6,0.13,4.0,better
Milieu trilogy,2,The Italian Connection,1972,3,3.59,3.6,-0.01,-0.0,worse
Milieu trilogy,3,The Boss,1973,3,3.47,3.6,-0.13,-4.0,worse
Mimic,1,Mimic,1997,3,2.95,2.49,0.46,18.0,better
Mimic,2,Mimic 2,2001,3,2.3,2.49,-0.19,-8.0,worse
Mimic,3,Mimic: Sentinel,2003,3,2.21,2.49,-0.28,-11.0,worse
Miraculous World,1,"Miraculous World: New York, United HeroeZ",2020,3,3.42,3.44,-0.02,-1.0,worse
Miraculous World,2,Miraculous World: Shanghai – The Legend of Ladydragon,2021,3,3.29,3.44,-0.15,-4.0,worse
Miraculous World,3,"Miraculous World: Paris, Tales of Shadybug and Claw Noir",2023,3,3.6,3.44,0.16,5.0,better
Miss Marple,1,Murder She Said,1961,4,3.52,3.46,0.06,2.0,better
Miss Marple,2,Murder at the Gallop,1963,4,3.47,3.46,0.01,0.0,better
Miss Marple,3,Murder Most Foul,1964,4,3.45,3.46,-0.01,-0.0,worse
Miss Marple,4,Murder Ahoy,1964,4,3.4,3.46,-0.06,-2.0,worse
Missing in Action,1,Missing in Action,1984,3,2.71,2.64,0.07,3.0,better
Missing in Action,2,Missing in Action 2: The Beginning,1985,3,2.65,2.64,0.01,0.0,better
Missing in Action,3,Braddock: Missing in Action III,1988,3,2.57,2.64,-0.07,-3.0,worse
Mission: Impossible,1,Mission: Impossible,1996,7,3.58,3.53,0.05,1.0,better
Mission: Impossible,2,Mission: Impossible II,2000,7,2.59,3.53,-0.94,-27.0,worse
Mission: Impossible,3,Mission: Impossible III,2006,7,3.34,3.53,-0.19,-5.0,worse
Mission: Impossible,4,Mission: Impossible – Ghost Protocol,2011,7,3.7,3.53,0.17,5.0,better
Mission: Impossible,5,Mission: Impossible – Rogue Nation,2015,7,3.71,3.53,0.18,5.0,better
Mission: Impossible,6,Mission: Impossible – Fallout,2018,7,3.96,3.53,0.43,12.0,better
Mission: Impossible,7,Mission: Impossible – Dead Reckoning Part One,2023,7,3.8,3.53,0.27,8.0,better
Mobile Suit Gundam,1,Mobile Suit Gundam I,1981,4,3.54,3.68,-0.15,-4.0,worse
Mobile Suit Gundam,2,Mobile Suit Gundam II: Soldiers of Sorrow,1981,4,3.56,3.68,-0.12,-3.0,worse
Mobile Suit Gundam,3,Mobile Suit Gundam III: Encounters in Space,1982,4,3.88,3.68,0.19,5.0,better
Mobile Suit Gundam,4,Mobile Suit Gundam: Char's Counterattack,1988,4,3.76,3.68,0.07,2.0,better
Mobile Suit Gundam: The Origin,1,Mobile Suit Gundam: The Origin I - Blue-Eyed Casval,2015,6,3.78,3.79,-0.01,-0.0,worse
Mobile Suit Gundam: The Origin,2,Mobile Suit Gundam: The Origin II - Artesia's Sorrow,2015,6,3.69,3.79,-0.1,-3.0,worse
Mobile Suit Gundam: The Origin,3,Mobile Suit Gundam: The Origin III - Dawn of Rebellion,2016,6,3.89,3.79,0.1,3.0,better
Mobile Suit Gundam: The Origin,4,Mobile Suit Gundam: The Origin IV – Eve of Destiny,2016,6,3.72,3.79,-0.07,-2.0,worse
Mobile Suit Gundam: The Origin,5,Mobile Suit Gundam: The Origin V: Clash at Loum,2017,6,3.83,3.79,0.04,1.0,better
Mobile Suit Gundam: The Origin,6,Mobile Suit Gundam: The Origin VI – Rise of the Red Comet,2018,6,3.82,3.79,0.03,1.0,better
Mobile Suit Zeta Gundam A New Translation,1,Mobile Suit Zeta Gundam A New Translation I: Heir to the Stars,2005,3,3.35,3.33,0.02,1.0,better
Mobile Suit Zeta Gundam A New Translation,2,Mobile Suit Zeta Gundam A New Translation II: Lovers,2005,3,3.31,3.33,-0.02,-1.0,worse
Mobile Suit Zeta Gundam A New Translation,3,Mobile Suit Zeta Gundam A New Translation III: Love is the Pulse of the Stars,2006,3,3.33,3.33,0.0,0.0,equal
Monsieur Hulot,1,Monsieur Hulot's Holiday,1953,4,3.72,3.9,-0.19,-5.0,worse
Monsieur Hulot,2,Mon Oncle,1958,4,4.01,3.9,0.1,3.0,better
Monsieur Hulot,3,PlayTime,1967,4,4.19,3.9,0.29,7.0,better
Monsieur Hulot,4,Trafic,1971,4,3.7,3.9,-0.21,-5.0,worse
Mortadelo y Filemón - Colección,1,Mortadelo & Filemon: The Big Adventure,2003,3,3.09,3.05,0.04,1.0,better
Mortadelo y Filemón - Colección,2,Mortadelo & Filemon Mission Save the Planet,2008,3,2.79,3.05,-0.26,-9.0,worse
Mortadelo y Filemón - Colección,3,Mortadelo and Filemon: Mission Implausible,2014,3,3.28,3.05,0.23,8.0,better
Mortal Kombat Legends,1,Mortal Kombat Legends: Scorpion's Revenge,2020,3,3.38,3.19,0.19,6.0,better
Mortal Kombat Legends,2,Mortal Kombat Legends: Battle of the Realms,2021,3,2.95,3.19,-0.24,-8.0,worse
Mortal Kombat Legends,3,Mortal Kombat Legends: Snow Blind,2022,3,3.25,3.19,0.06,2.0,better
Mostly Ghostly,1,Mostly Ghostly,2008,3,2.59,2.65,-0.06,-2.0,worse
Mostly Ghostly,2,Mostly Ghostly: Have You Met My Ghoulfriend?,2014,3,2.61,2.65,-0.04,-2.0,worse
Mostly Ghostly,3,Mostly Ghostly 3: One Night in Doom House,2016,3,2.74,2.65,0.09,3.0,better
Mr. Wong,1,"Mr. Wong, Detective",1938,6,3.02,3.04,-0.02,-1.0,worse
Mr. Wong,2,The Mystery of Mr. Wong,1939,6,3.12,3.04,0.08,3.0,better
Mr. Wong,3,Mr. Wong in Chinatown,1939,6,3.09,3.04,0.04,1.0,better
Mr. Wong,4,The Fatal Hour,1940,6,2.94,3.04,-0.1,-3.0,worse
Mr. Wong,5,Doomed to Die,1940,6,3.01,3.04,-0.04,-1.0,worse
Mr. Wong,6,Phantom of Chinatown,1940,6,3.09,3.04,0.04,1.0,better
Muni,1,Muni,2007,3,3.12,2.81,0.31,11.0,better
Muni,2,Kanchana 2,2015,3,2.79,2.81,-0.02,-1.0,worse
Muni,3,Kanchana 3,2019,3,2.53,2.81,-0.28,-10.0,worse
Murder,1,Murder,2004,3,2.9,2.97,-0.07,-2.0,worse
Murder,2,Murder 2,2011,3,3.1,2.97,0.13,4.0,better
Murder,3,Murder 3,2013,3,2.91,2.97,-0.06,-2.0,worse
My Big Fat Greek Wedding,1,My Big Fat Greek Wedding,2002,3,3.33,2.76,0.57,21.0,better
My Big Fat Greek Wedding,2,My Big Fat Greek Wedding 2,2016,3,2.71,2.76,-0.05,-2.0,worse
My Big Fat Greek Wedding,3,My Big Fat Greek Wedding 3,2023,3,2.25,2.76,-0.51,-18.0,worse
My Friends,1,My Friends,1975,4,3.94,3.38,0.56,17.0,better
My Friends,2,My Friends Act II,1982,4,3.67,3.38,0.29,9.0,better
My Friends,3,My Friends Act III,1985,4,3.31,3.38,-0.06,-2.0,worse
My Friends,4,My Friends: How It All Began,2011,4,2.58,3.38,-0.8,-24.0,worse
My Little Pony: Equestria Girls,1,My Little Pony: Equestria Girls,2013,9,3.31,3.27,0.04,1.0,better
My Little Pony: Equestria Girls,2,My Little Pony: Equestria Girls - Rainbow Rocks,2014,9,3.67,3.27,0.4,12.0,better
My Little Pony: Equestria Girls,3,My Little Pony: Equestria Girls: Friendship Games,2015,9,3.15,3.27,-0.12,-4.0,worse
My Little Pony: Equestria Girls,4,My Little Pony: Equestria Girls - Legend of Everfree,2016,9,3.0,3.27,-0.27,-8.0,worse
My Little Pony: Equestria Girls,5,My Little Pony: Equestria Girls - Forgotten Friendship,2018,9,3.26,3.27,-0.01,-0.0,worse
My Little Pony: Equestria Girls,6,My Little Pony: Equestria Girls: Rollercoaster of Friendship,2018,9,3.16,3.27,-0.11,-3.0,worse
My Little Pony: Equestria Girls,7,My Little Pony: Equestria Girls - Spring Breakdown,2019,9,3.2,3.27,-0.07,-2.0,worse
My Little Pony: Equestria Girls,8,My Little Pony: Equestria Girls - Sunset's Backstage Pass,2019,9,3.41,3.27,0.14,4.0,better
My Little Pony: Equestria Girls,9,My Little Pony: Equestria Girls - Holidays Unwrapped,2019,9,3.23,3.27,-0.04,-1.0,worse
My Mom is a Character,1,My Mom Is a Character,2013,3,3.58,3.52,0.06,2.0,better
My Mom is a Character,2,My Mom Is a Character 2,2016,3,3.41,3.52,-0.11,-3.0,worse
My Mom is a Character,3,My Mom Is a Character 3,2019,3,3.57,3.52,0.05,1.0,better
My New Partner,1,My New Partner,1984,3,3.48,3.22,0.26,8.0,better
My New Partner,2,My New Partner II,1990,3,3.21,3.22,-0.01,-0.0,worse
My New Partner,3,My New Partner III,2003,3,2.98,3.22,-0.24,-7.0,worse
My Super Psycho Sweet 16,1,My Super Psycho Sweet 16,2009,3,2.99,3.03,-0.04,-1.0,worse
My Super Psycho Sweet 16,2,My Super Psycho Sweet 16: Part 2,2010,3,3.08,3.03,0.05,2.0,better
My Super Psycho Sweet 16,3,My Super Psycho Sweet 16: Part 3,2012,3,3.01,3.03,-0.02,-1.0,worse
My Wife is a Gangster,1,My Wife Is a Gangster,2001,3,3.02,3.02,0.0,0.0,equal
My Wife is a Gangster,2,My Wife Is A Gangster 2,2003,3,2.98,3.02,-0.04,-1.0,worse
My Wife is a Gangster,3,My Wife Is a Gangster 3,2006,3,3.06,3.02,0.04,1.0,better
Mythica,1,Mythica: A Quest for Heroes,2014,5,2.88,3.08,-0.2,-7.0,worse
Mythica,2,Mythica: The Darkspore,2015,5,2.98,3.08,-0.1,-3.0,worse
Mythica,3,Mythica: The Necromancer,2015,5,3.09,3.08,0.01,0.0,better
Mythica,4,Mythica: The Iron Crown,2016,5,3.2,3.08,0.12,4.0,better
Mythica,5,Mythica: The Godslayer,2016,5,3.23,3.08,0.15,5.0,better
Nadodikkattu,1,Nadodikkattu,1987,3,3.75,3.6,0.15,4.0,better
Nadodikkattu,2,Pattanapravesham,1988,3,3.56,3.6,-0.04,-1.0,worse
Nadodikkattu,3,Akkare Akkare Akkare,1990,3,3.48,3.6,-0.12,-3.0,worse
Naked Gun,1,The Naked Gun: From the Files of Police Squad!,1988,3,3.75,3.41,0.34,10.0,better
Naked Gun,2,The Naked Gun 2½: The Smell of Fear,1991,3,3.36,3.41,-0.05,-1.0,worse
Naked Gun,3,Naked Gun 33⅓: The Final Insult,1994,3,3.13,3.41,-0.28,-8.0,worse
Nancy Drew,1,Nancy Drew… Detective,1938,4,3.28,3.25,0.03,1.0,better
Nancy Drew,2,Nancy Drew... Reporter,1939,4,3.23,3.25,-0.02,-1.0,worse
Nancy Drew,3,Nancy Drew... Trouble Shooter,1939,4,3.2,3.25,-0.05,-2.0,worse
Nancy Drew,4,Nancy Drew and the Hidden Staircase,1939,4,3.29,3.25,0.04,1.0,better
National Lampoon's Vacation,1,National Lampoon's Vacation,1983,4,3.47,3.14,0.33,11.0,better
National Lampoon's Vacation,2,National Lampoon's European Vacation,1985,4,2.87,3.14,-0.27,-9.0,worse
National Lampoon's Vacation,3,National Lampoon's Christmas Vacation,1989,4,3.51,3.14,0.37,12.0,better
National Lampoon's Vacation,4,Vegas Vacation,1997,4,2.72,3.14,-0.42,-13.0,worse
National Lampoon's Van Wilder,1,National Lampoon's Van Wilder,2002,3,2.72,2.31,0.41,18.0,better
National Lampoon's Van Wilder,2,Van Wilder 2: The Rise of Taj,2006,3,2.13,2.31,-0.18,-8.0,worse
National Lampoon's Van Wilder,3,Van Wilder: Freshman Year,2009,3,2.08,2.31,-0.23,-10.0,worse
Nativity,1,Nativity!,2009,4,3.38,2.57,0.81,31.0,better
Nativity,2,Nativity 2: Danger in the Manger!,2012,4,2.78,2.57,0.21,8.0,better
Nativity,3,"Nativity 3: Dude, Where's My Donkey?!",2014,4,2.07,2.57,-0.5,-19.0,worse
Nativity,4,Nativity Rocks!,2018,4,2.06,2.57,-0.51,-20.0,worse
Never Back Down,1,Never Back Down,2008,4,2.83,2.61,0.22,8.0,better
Never Back Down,2,Never Back Down 2: The Beatdown,2011,4,2.4,2.61,-0.21,-8.0,worse
Never Back Down,3,Never Back Down: No Surrender,2016,4,2.57,2.61,-0.04,-2.0,worse
Never Back Down,4,Never Back Down: Revolt,2021,4,2.65,2.61,0.04,2.0,better
New Battles Without Honor and Humanity,1,New Battles Without Honor and Humanity 1,1974,3,3.44,3.51,-0.07,-2.0,worse
New Battles Without Honor and Humanity,2,New Battles Without Honor and Humanity 2: Head of the Boss,1975,3,3.59,3.51,0.08,2.0,better
New Battles Without Honor and Humanity,3,New Battles Without Honor and Humanity 3: Last Days of the Boss,1976,3,3.49,3.51,-0.02,-1.0,worse
New Initial D,1,New Initial D the Movie - Legend 1: Awakening,2014,3,3.45,3.47,-0.02,-1.0,worse
New Initial D,2,New Initial D the Movie - Legend 2: Racer,2015,3,3.47,3.47,0.0,0.0,equal
New Initial D,3,New Initial D the Movie - Legend 3: Dream,2016,3,3.48,3.47,0.01,0.0,better
Night at the Museum,1,Night at the Museum,2006,3,3.21,2.91,0.3,10.0,better
Night at the Museum,2,Night at the Museum: Battle of the Smithsonian,2009,3,2.8,2.91,-0.11,-4.0,worse
Night at the Museum,3,Night at the Museum: Secret of the Tomb,2014,3,2.71,2.91,-0.2,-7.0,worse
Night of the Demons,1,Night of the Demons,1988,4,3.1,2.72,0.38,14.0,better
Night of the Demons,2,Night of the Demons 2,1994,4,3.05,2.72,0.32,12.0,better
Night of the Demons,3,Night of the Demons III,1997,4,2.35,2.72,-0.38,-14.0,worse
Night of the Demons,4,Night of the Demons,2009,4,2.4,2.72,-0.33,-12.0,worse
"No Retreat, No Surrender",1,"No Retreat, No Surrender",1986,5,2.78,3.04,-0.26,-9.0,worse
"No Retreat, No Surrender",2,"No Retreat, No Surrender 2: Raging Thunder",1987,5,2.97,3.04,-0.07,-2.0,worse
"No Retreat, No Surrender",3,"No Retreat, No Surrender 3: Blood Brothers",1990,5,3.17,3.04,0.13,4.0,better
"No Retreat, No Surrender",4,The King of the Kickboxers,1990,5,3.2,3.04,0.16,5.0,better
"No Retreat, No Surrender",5,American Shaolin,1991,5,3.09,3.04,0.05,2.0,better
Non ci resta che il crimine - Collezione,1,All You Need is Crime,2019,3,3.03,2.97,0.06,2.0,better
Non ci resta che il crimine - Collezione,2,Ritorno al crimine,2021,3,2.94,2.97,-0.03,-1.0,worse
Non ci resta che il crimine - Collezione,3,C’era una volta il crimine,2022,3,2.93,2.97,-0.04,-1.0,worse
Norm of the North,1,Norm of the North,2016,4,1.37,2.01,-0.64,-32.0,worse
Norm of the North,2,Norm of the North: Keys to the Kingdom,2018,4,1.96,2.01,-0.05,-2.0,worse
Norm of the North,3,Norm of the North: King Sized Adventure,2019,4,2.34,2.01,0.33,16.0,better
Norm of the North,4,Norm of the North: Family Vacation,2020,4,2.36,2.01,0.35,17.0,better
Not Quite Human,1,Not Quite Human,1987,3,2.98,3.01,-0.03,-1.0,worse
Not Quite Human,2,Not Quite Human II,1989,3,3.05,3.01,0.04,1.0,better
Not Quite Human,3,Still Not Quite Human,1992,3,3.01,3.01,-0.0,-0.0,equal
OSS 117 The Reboot Saga,1,"OSS 117: Cairo, Nest of Spies",2006,3,3.63,3.33,0.3,9.0,better
OSS 117 The Reboot Saga,2,OSS 117: Lost in Rio,2009,3,3.57,3.33,0.24,7.0,better
OSS 117 The Reboot Saga,3,OSS 117: From Africa with Love,2021,3,2.8,3.33,-0.53,-16.0,worse
Ocean's,1,Ocean's Eleven,2001,3,3.87,3.48,0.39,11.0,better
Ocean's,2,Ocean's Twelve,2004,3,3.25,3.48,-0.23,-7.0,worse
Ocean's,3,Ocean's Thirteen,2007,3,3.32,3.48,-0.16,-5.0,worse
"Oh, God!",1,"Oh, God!",1977,3,3.16,2.93,0.23,8.0,better
"Oh, God!",2,"Oh, God! Book II",1980,3,2.78,2.93,-0.15,-5.0,worse
"Oh, God!",3,"Oh, God! You Devil",1984,3,2.85,2.93,-0.08,-3.0,worse
Olsenbanden Jr.,1,The Junior Olsen Gang Goes Submarine,2003,6,3.24,3.2,0.04,1.0,better
Olsenbanden Jr.,2,The Junior Olsen Gang Rocks It,2004,6,3.32,3.2,0.12,4.0,better
Olsenbanden Jr.,3,The Junior Olsen Gang at the Circus,2006,6,3.21,3.2,0.01,0.0,better
Olsenbanden Jr.,4,The Junior Olsen Gang and the Silver Mine Mystery,2007,6,3.17,3.2,-0.03,-1.0,worse
Olsenbanden Jr.,5,The Junior Olsen Gang and the Black Gold,2009,6,3.13,3.2,-0.07,-2.0,worse
Olsenbanden Jr.,6,The Junior Olsen Gang and the Master Thief,2010,6,3.15,3.2,-0.05,-2.0,worse
On the Buses,1,On the Buses,1971,3,3.04,3.09,-0.05,-2.0,worse
On the Buses,2,Mutiny on the Buses,1972,3,3.12,3.09,0.03,1.0,better
On the Buses,3,Holiday on the Buses,1973,3,3.12,3.09,0.03,1.0,better
Once Upon a Time in China,1,Once Upon a Time in China,1991,6,3.69,3.36,0.33,10.0,better
Once Upon a Time in China,2,Once Upon a Time in China II,1992,6,3.73,3.36,0.37,11.0,better
Once Upon a Time in China,3,Once Upon a Time in China III,1992,6,3.33,3.36,-0.03,-1.0,worse
Once Upon a Time in China,4,Once Upon a Time in China IV,1993,6,3.08,3.36,-0.28,-8.0,worse
Once Upon a Time in China,5,Once Upon a Time in China V,1994,6,3.23,3.36,-0.13,-4.0,worse
Once Upon a Time in China,6,Once Upon a Time in China and America,1997,6,3.09,3.36,-0.27,-8.0,worse
One Cut of the Dead,1,One Cut of the Dead,2017,3,4.05,3.56,0.49,14.0,better
One Cut of the Dead,2,One Cut of the Dead Spin-Off: In Hollywood,2019,3,3.26,3.56,-0.3,-8.0,worse
One Cut of the Dead,3,Final Cut,2022,3,3.36,3.56,-0.2,-6.0,worse
One Missed Call,1,One Missed Call,2003,3,3.17,2.81,0.36,13.0,better
One Missed Call,2,One Missed Call 2,2005,3,2.66,2.81,-0.15,-5.0,worse
One Missed Call,3,One Missed Call 3: Final,2006,3,2.61,2.81,-0.2,-7.0,worse
Ong Bak,1,Ong Bak: Muay Thai Warrior,2003,3,3.54,2.99,0.55,18.0,better
Ong Bak,2,Ong Bak 2,2008,3,2.93,2.99,-0.06,-2.0,worse
Ong Bak,3,Ong Bak 3,2010,3,2.49,2.99,-0.5,-17.0,worse
Open Season,1,Open Season,2006,4,2.76,2.26,0.5,22.0,better
Open Season,2,Open Season 2,2008,4,2.33,2.26,0.07,3.0,better
Open Season,3,Open Season 3,2010,4,1.89,2.26,-0.37,-16.0,worse
Open Season,4,Open Season: Scared Silly,2015,4,2.06,2.26,-0.2,-9.0,worse
Open Water,1,Open Water,2003,3,2.68,2.32,0.36,15.0,better
Open Water,2,Open Water 2: Adrift,2006,3,2.32,2.32,-0.0,-0.0,equal
Open Water,3,Cage Dive,2017,3,1.97,2.32,-0.35,-15.0,worse
Otto,1,Otto - The Movie,1985,5,3.29,3.05,0.24,8.0,better
Otto,2,Otto – The New Movie,1987,5,3.17,3.05,0.12,4.0,better
Otto,3,Otto – The Alien from East Frisia,1989,5,3.09,3.05,0.04,1.0,better
Otto,4,Otto - The Romance Film,1992,5,3.01,3.05,-0.04,-1.0,worse
Otto,5,Otto - The Disaster Movie,2000,5,2.7,3.05,-0.35,-11.0,worse
Our Dancing Daughters,1,Our Dancing Daughters,1928,3,3.35,3.31,0.04,1.0,better
Our Dancing Daughters,2,Our Modern Maidens,1929,3,3.26,3.31,-0.05,-2.0,worse
Our Dancing Daughters,3,Our Blushing Brides,1930,3,3.33,3.31,0.02,1.0,better
Outlaw Gangster VIP: The Complete,1,Outlaw: Gangster VIP,1968,6,3.53,3.4,0.13,4.0,better
Outlaw Gangster VIP: The Complete,2,Outlaw: Gangster VIP 2,1968,6,3.41,3.4,0.01,0.0,better
Outlaw Gangster VIP: The Complete,3,Outlaw: Heartless,1968,6,3.36,3.4,-0.04,-1.0,worse
Outlaw Gangster VIP: The Complete,4,Outlaw: Goro the Assassin,1968,6,3.37,3.4,-0.03,-1.0,worse
Outlaw Gangster VIP: The Complete,5,Outlaw: Black Dagger,1968,6,3.33,3.4,-0.07,-2.0,worse
Outlaw Gangster VIP: The Complete,6,Outlaw: Kill!,1969,6,3.38,3.4,-0.02,-1.0,worse
Outpost,1,Outpost,2008,3,2.74,2.77,-0.03,-1.0,worse
Outpost,2,Outpost: Black Sun,2012,3,2.7,2.77,-0.07,-3.0,worse
Outpost,3,Outpost: Rise of the Spetsnaz,2013,3,2.88,2.77,0.11,4.0,better
Outrage,1,Outrage,2010,3,3.51,3.46,0.05,1.0,better
Outrage,2,Beyond Outrage,2012,3,3.49,3.46,0.03,1.0,better
Outrage,3,Outrage Coda,2017,3,3.39,3.46,-0.07,-2.0,worse
Overheard,1,Overheard,2009,3,3.44,3.3,0.14,4.0,better
Overheard,2,Overheard 2,2011,3,3.33,3.3,0.03,1.0,better
Overheard,3,Overheard 3,2014,3,3.13,3.3,-0.17,-5.0,worse
Paradise Trilogy,1,Paradise: Love,2012,3,3.74,3.6,0.14,4.0,better
Paradise Trilogy,2,Paradise: Faith,2012,3,3.56,3.6,-0.04,-1.0,worse
Paradise Trilogy,3,Paradise: Hope,2013,3,3.49,3.6,-0.11,-3.0,worse
Paranormal Activity,1,Paranormal Activity,2007,7,2.86,2.39,0.47,20.0,better
Paranormal Activity,2,Paranormal Activity 2,2010,7,2.54,2.39,0.15,6.0,better
Paranormal Activity,3,Paranormal Activity 3,2011,7,2.6,2.39,0.21,9.0,better
Paranormal Activity,4,Paranormal Activity 4,2012,7,2.1,2.39,-0.29,-12.0,worse
Paranormal Activity,5,Paranormal Activity: The Marked Ones,2014,7,2.39,2.39,0.0,0.0,equal
Paranormal Activity,6,Paranormal Activity: The Ghost Dimension,2015,7,1.89,2.39,-0.5,-21.0,worse
Paranormal Activity,7,Paranormal Activity: Next of Kin,2021,7,2.35,2.39,-0.04,-2.0,worse
Partition trilogy,1,The Cloud-Capped Star,1960,3,4.01,3.8,0.21,6.0,better
Partition trilogy,2,Komal Gandhar,1961,3,3.56,3.8,-0.24,-6.0,worse
Partition trilogy,3,Subarnarekha,1965,3,3.83,3.8,0.03,1.0,better
Patlabor,1,Patlabor: The Movie,1989,3,3.7,3.7,-0.0,-0.0,equal
Patlabor,2,Patlabor 2: The Movie,1993,3,4.1,3.7,0.4,11.0,better
Patlabor,3,WXIII: Patlabor The Movie 3,2002,3,3.31,3.7,-0.39,-11.0,worse
Pee-wee's,1,The Pee-wee Herman Show,1981,6,3.76,3.38,0.38,11.0,better
Pee-wee's,2,Pee-wee's Big Adventure,1985,6,3.49,3.38,0.11,3.0,better
Pee-wee's,3,Big Top Pee-wee,1988,6,2.73,3.38,-0.65,-19.0,worse
Pee-wee's,4,Pee-wee's Playhouse Christmas Special,1988,6,3.82,3.38,0.44,13.0,better
Pee-wee's,5,The Pee-wee Herman Show on Broadway,2011,6,3.52,3.38,0.14,4.0,better
Pee-wee's,6,Pee-wee's Big Holiday,2016,6,2.98,3.38,-0.4,-12.0,worse
Penitentiary,1,Penitentiary,1979,3,3.31,3.22,0.09,3.0,better
Penitentiary,2,Penitentiary II,1982,3,3.11,3.22,-0.11,-3.0,worse
Penitentiary,3,Penitentiary III,1987,3,3.24,3.22,0.02,1.0,better
Pentalogy of Mexico by Luis Estrada,1,Herod's Law,1999,5,3.74,3.42,0.32,9.0,better
Pentalogy of Mexico by Luis Estrada,2,A Wonderful World,2006,5,3.4,3.42,-0.02,-1.0,worse
Pentalogy of Mexico by Luis Estrada,3,El Infierno,2010,5,3.91,3.42,0.49,14.0,better
Pentalogy of Mexico by Luis Estrada,4,The Perfect Dictatorship,2014,5,3.5,3.42,0.08,2.0,better
Pentalogy of Mexico by Luis Estrada,5,¡Que viva México!,2023,5,2.57,3.42,-0.85,-25.0,worse
Pepe El Toro,1,We the Poor,1948,3,3.6,3.52,0.08,2.0,better
Pepe El Toro,2,You the Rich,1948,3,3.49,3.52,-0.03,-1.0,worse
Pepe El Toro,3,Pepe El Toro,1953,3,3.47,3.52,-0.05,-1.0,worse
Per Fly trilogien (Samling),1,The Bench,2000,3,3.54,3.47,0.07,2.0,better
Per Fly trilogien (Samling),2,The Inheritance,2003,3,3.46,3.47,-0.01,-0.0,worse
Per Fly trilogien (Samling),3,Manslaughter,2005,3,3.4,3.47,-0.07,-2.0,worse
Perros Callejeros Trilogy,1,Street Warriors,1977,3,3.45,3.33,0.12,4.0,better
Perros Callejeros Trilogy,2,Street Warriors II,1979,3,3.3,3.33,-0.03,-1.0,worse
Perros Callejeros Trilogy,3,The Latest Scams of 'El Torete',1980,3,3.24,3.33,-0.09,-3.0,worse
Persona 3,1,Persona 3 the Movie: #1 Spring of Birth,2013,4,3.35,3.56,-0.21,-6.0,worse
Persona 3,2,Persona 3 the Movie: #2 Midsummer Knight's Dream,2014,4,3.5,3.56,-0.06,-2.0,worse
Persona 3,3,Persona 3 the Movie: #3 Falling Down,2015,4,3.49,3.56,-0.07,-2.0,worse
Persona 3,4,Persona 3 the Movie: #4 Winter of Rebirth,2016,4,3.9,3.56,0.34,10.0,better
Phantasm,1,Phantasm,1979,5,3.36,2.94,0.42,14.0,better
Phantasm,2,Phantasm II,1988,5,3.2,2.94,0.26,9.0,better
Phantasm,3,Phantasm III: Lord of the Dead,1994,5,3.0,2.94,0.06,2.0,better
Phantasm,4,Phantasm IV: Oblivion,1998,5,2.76,2.94,-0.18,-6.0,worse
Phantasm,5,Phantasm: Ravager,2016,5,2.36,2.94,-0.58,-20.0,worse
Phineas and Ferb,1,Phineas and Ferb: The Movie: Across the 2nd Dimension,2011,4,3.57,3.38,0.19,6.0,better
Phineas and Ferb,2,Phineas and Ferb: Mission Marvel,2013,4,3.12,3.38,-0.26,-8.0,worse
Phineas and Ferb,3,Phineas and Ferb: Star Wars,2014,4,3.53,3.38,0.15,4.0,better
Phineas and Ferb,4,Phineas and Ferb: The Movie: Candace Against the Universe,2020,4,3.3,3.38,-0.08,-2.0,worse
Pippi Longstocking,1,Pippi Longstocking,1969,4,3.38,3.4,-0.03,-1.0,worse
Pippi Longstocking,2,Pippi Goes on Board,1969,4,3.39,3.4,-0.02,-1.0,worse
Pippi Longstocking,3,Pippi in the South Seas,1970,4,3.42,3.4,0.01,0.0,better
Pippi Longstocking,4,Pippi on the Run,1970,4,3.43,3.4,0.02,1.0,better
Pirates of the Caribbean,1,Pirates of the Caribbean: The Curse of the Black Pearl,2003,5,3.89,3.22,0.67,21.0,better
Pirates of the Caribbean,2,Pirates of the Caribbean: Dead Man's Chest,2006,5,3.56,3.22,0.34,11.0,better
Pirates of the Caribbean,3,Pirates of the Caribbean: At World's End,2007,5,3.35,3.22,0.13,4.0,better
Pirates of the Caribbean,4,Pirates of the Caribbean: On Stranger Tides,2011,5,2.73,3.22,-0.49,-15.0,worse
Pirates of the Caribbean,5,Pirates of the Caribbean: Dead Men Tell No Tales,2017,5,2.58,3.22,-0.64,-20.0,worse
Pitbull,1,Pitbull,2005,4,3.29,3.14,0.15,5.0,better
Pitbull,2,Pitbull: New Orders,2016,4,3.1,3.14,-0.04,-1.0,worse
Pitbull,3,Pitbull: Tough Women,2016,4,2.98,3.14,-0.16,-5.0,worse
Pitbull,4,Pitbull. Last Dog,2018,4,3.19,3.14,0.05,2.0,better
Pitch Perfect,1,Pitch Perfect,2012,3,3.42,2.9,0.52,18.0,better
Pitch Perfect,2,Pitch Perfect 2,2015,3,2.84,2.9,-0.06,-2.0,worse
Pitch Perfect,3,Pitch Perfect 3,2017,3,2.43,2.9,-0.47,-16.0,worse
Pizza,1,Pizza,2012,3,3.58,3.13,0.45,14.0,better
Pizza,2,Pizza 2: Villa,2013,3,3.13,3.13,-0.0,-0.0,equal
Pizza,3,Pizza 3: The Mummy,2023,3,2.69,3.13,-0.44,-14.0,worse
Planet Single,1,Planet Single,2016,3,3.27,3.17,0.1,3.0,better
Planet Single,2,Planet Single 2,2018,3,3.13,3.17,-0.04,-1.0,worse
Planet Single,3,Planet Single 3,2019,3,3.11,3.17,-0.06,-2.0,worse
Planet of the Apes (Original),1,Planet of the Apes,1968,5,4.0,3.18,0.82,26.0,better
Planet of the Apes (Original),2,Beneath the Planet of the Apes,1970,5,2.87,3.18,-0.31,-10.0,worse
Planet of the Apes (Original),3,Escape from the Planet of the Apes,1971,5,3.2,3.18,0.02,1.0,better
Planet of the Apes (Original),4,Conquest of the Planet of the Apes,1972,5,3.16,3.18,-0.02,-1.0,worse
Planet of the Apes (Original),5,Battle for the Planet of the Apes,1973,5,2.66,3.18,-0.52,-16.0,worse
Planet of the Apes (Reboot),1,Rise of the Planet of the Apes,2011,3,3.61,3.69,-0.08,-2.0,worse
Planet of the Apes (Reboot),2,Dawn of the Planet of the Apes,2014,3,3.73,3.69,0.04,1.0,better
Planet of the Apes (Reboot),3,War for the Planet of the Apes,2017,3,3.73,3.69,0.04,1.0,better
Poison Ivy,1,Poison Ivy,1992,4,2.74,2.51,0.23,9.0,better
Poison Ivy,2,Poison Ivy 2: Lily,1996,4,2.23,2.51,-0.28,-11.0,worse
Poison Ivy,3,Poison Ivy: The New Seduction,1997,4,2.5,2.51,-0.01,-0.0,worse
Poison Ivy,4,Poison Ivy: The Secret Society,2008,4,2.57,2.51,0.06,2.0,better
Pokémon (Alternate Continuity),1,Pokémon the Movie: I Choose You!,2017,3,3.03,3.08,-0.05,-2.0,worse
Pokémon (Alternate Continuity),2,Pokémon the Movie: The Power of Us,2018,3,3.1,3.08,0.02,1.0,better
Pokémon (Alternate Continuity),3,Pokémon the Movie: Secrets of the Jungle,2020,3,3.12,3.08,0.04,1.0,better
Pokémon,1,Pokémon: The First Movie - Mewtwo Strikes Back,1998,5,3.49,3.2,0.29,9.0,better
Pokémon,2,Pokémon: The Movie 2000,1999,5,3.2,3.2,-0.0,-0.0,equal
Pokémon,3,Pokémon 3: The Movie,2000,5,3.16,3.2,-0.04,-1.0,worse
Pokémon,4,Pokémon 4Ever,2001,5,3.04,3.2,-0.16,-5.0,worse
Pokémon,5,Pokémon Heroes,2002,5,3.12,3.2,-0.08,-2.0,worse
Pokémon: Advanced Generation,1,Pokémon: Jirachi - Wish Maker,2003,4,2.92,3.06,-0.14,-5.0,worse
Pokémon: Advanced Generation,2,Pokémon: Destiny Deoxys,2004,4,3.1,3.06,0.04,1.0,better
Pokémon: Advanced Generation,3,Pokémon: Lucario and the Mystery of Mew,2005,4,3.3,3.06,0.24,8.0,better
Pokémon: Advanced Generation,4,Pokémon Ranger and the Temple of the Sea,2006,4,2.92,3.06,-0.14,-5.0,worse
Pokémon: Best Wishes!,1,Pokémon the Movie: White - Victini and Zekrom,2011,4,2.68,2.62,0.06,2.0,better
Pokémon: Best Wishes!,2,Pokémon the Movie: Black - Victini and Reshiram,2011,4,2.67,2.62,0.05,2.0,better
Pokémon: Best Wishes!,3,Pokémon the Movie: Kyurem vs. the Sword of Justice,2012,4,2.64,2.62,0.02,1.0,better
Pokémon: Best Wishes!,4,Pokémon the Movie: Genesect and the Legend Awakened,2013,4,2.47,2.62,-0.15,-6.0,worse
Pokémon: Diamond and Pearl,1,Pokémon: The Rise of Darkrai,2007,4,3.29,3.08,0.21,7.0,better
Pokémon: Diamond and Pearl,2,Pokémon: Giratina and the Sky Warrior,2008,4,3.01,3.08,-0.07,-2.0,worse
Pokémon: Diamond and Pearl,3,Pokémon: Arceus and the Jewel of Life,2009,4,3.06,3.08,-0.02,-1.0,worse
Pokémon: Diamond and Pearl,4,Pokémon: Zoroark - Master of Illusions,2010,4,2.94,3.08,-0.14,-5.0,worse
Pokémon: XY,1,Pokémon the Movie: Diancie and the Cocoon of Destruction,2014,3,2.65,2.67,-0.02,-1.0,worse
Pokémon: XY,2,Pokémon the Movie: Hoopa and the Clash of Ages,2015,3,2.63,2.67,-0.04,-2.0,worse
Pokémon: XY,3,Pokémon the Movie: Volcanion and the Mechanical Marvel,2016,3,2.72,2.67,0.05,2.0,better
Police Academy,1,Police Academy,1984,7,3.13,2.49,0.64,26.0,better
Police Academy,2,Police Academy 2: Their First Assignment,1985,7,2.8,2.49,0.31,12.0,better
Police Academy,3,Police Academy 3: Back in Training,1986,7,2.66,2.49,0.17,7.0,better
Police Academy,4,Police Academy 4: Citizens on Patrol,1987,7,2.54,2.49,0.05,2.0,better
Police Academy,5,Police Academy 5: Assignment Miami Beach,1988,7,2.3,2.49,-0.19,-8.0,worse
Police Academy,6,Police Academy 6: City Under Siege,1989,7,2.19,2.49,-0.3,-12.0,worse
Police Academy,7,Police Academy: Mission to Moscow,1994,7,1.8,2.49,-0.69,-28.0,worse
Police Story,1,Police Story,1985,7,4.0,3.37,0.63,19.0,better
Police Story,2,Police Story 2,1988,7,3.54,3.37,0.17,5.0,better
Police Story,3,Police Story 3: Super Cop,1992,7,3.62,3.37,0.25,7.0,better
Police Story,4,Supercop 2,1993,7,3.07,3.37,-0.3,-9.0,worse
Police Story,5,Police Story 4: First Strike,1996,7,3.26,3.37,-0.11,-3.0,worse
Police Story,6,New Police Story,2004,7,3.33,3.37,-0.04,-1.0,worse
Police Story,7,Police Story: Lockdown,2013,7,2.75,3.37,-0.62,-18.0,worse
Polis Evo,1,Polis Evo,2015,3,3.27,3.29,-0.02,-1.0,worse
Polis Evo,2,Polis Evo 2,2018,3,3.29,3.29,0.0,0.0,equal
Polis Evo,3,Polis Evo 3,2023,3,3.3,3.29,0.01,0.0,better
Poltergeist,1,Poltergeist,1982,3,3.52,2.9,0.62,21.0,better
Poltergeist,2,Poltergeist II: The Other Side,1986,3,2.73,2.9,-0.17,-6.0,worse
Poltergeist,3,Poltergeist III,1988,3,2.45,2.9,-0.45,-16.0,worse
Predator,1,Predator,1987,5,3.78,3.03,0.75,25.0,better
Predator,2,Predator 2,1990,5,2.85,3.03,-0.18,-6.0,worse
Predator,3,Predators,2010,5,2.85,3.03,-0.18,-6.0,worse
Predator,4,The Predator,2018,5,2.12,3.03,-0.91,-30.0,worse
Predator,5,Prey,2022,5,3.56,3.03,0.53,17.0,better
Prehysteria,1,Prehysteria!,1993,3,2.5,2.78,-0.28,-10.0,worse
Prehysteria,2,Prehysteria! 2,1994,3,2.91,2.78,0.13,5.0,better
Prehysteria,3,Prehysteria! 3,1995,3,2.94,2.78,0.16,6.0,better
Problem Child,1,Problem Child,1990,3,2.65,2.36,0.29,12.0,better
Problem Child,2,Problem Child 2,1991,3,2.5,2.36,0.14,6.0,better
Problem Child,3,Problem Child 3,1995,3,1.94,2.36,-0.42,-18.0,worse
Project Itoh,1,The Empire of Corpses,2015,3,3.03,3.17,-0.14,-4.0,worse
Project Itoh,2,Harmony,2015,3,3.2,3.17,0.03,1.0,better
Project Itoh,3,Genocidal Organ,2017,3,3.29,3.17,0.12,4.0,better
Prom Night,1,Prom Night,1980,4,2.64,2.59,0.05,2.0,better
Prom Night,2,Hello Mary Lou: Prom Night II,1987,4,3.16,2.59,0.57,22.0,better
Prom Night,3,Prom Night III: The Last Kiss,1989,4,2.56,2.59,-0.03,-1.0,worse
Prom Night,4,Prom Night IV: Deliver Us from Evil,1992,4,2.0,2.59,-0.59,-23.0,worse
Prudence et Bélisaire Beresford,1,By the Pricking of My Thumbs,2005,3,3.3,3.25,0.05,2.0,better
Prudence et Bélisaire Beresford,2,Crime Is Our Business,2008,3,3.3,3.25,0.05,2.0,better
Prudence et Bélisaire Beresford,3,Partners in Crime,2012,3,3.15,3.25,-0.1,-3.0,worse
Psy,1,Dogs,1992,3,3.46,3.34,0.12,4.0,better
Psy,2,Psy 2: Ostatnia krew,1994,3,3.36,3.34,0.02,1.0,better
Psy,3,Psy 3: W imię zasad,2020,3,3.2,3.34,-0.14,-4.0,worse
Psych,1,Psych: The Movie,2017,3,3.45,3.49,-0.04,-1.0,worse
Psych,2,Psych 2: Lassie Come Home,2020,3,3.43,3.49,-0.06,-2.0,worse
Psych,3,Psych 3: This Is Gus,2021,3,3.58,3.49,0.09,3.0,better
Psycho,1,Psycho,1960,4,4.33,3.28,1.05,32.0,better
Psycho,2,Psycho II,1983,4,3.38,3.28,0.1,3.0,better
Psycho,3,Psycho III,1986,4,2.82,3.28,-0.46,-14.0,worse
Psycho,4,Psycho IV: The Beginning,1990,4,2.59,3.28,-0.69,-21.0,worse
Psycho-Pass: Sinners of the System,1,Psycho-Pass: Sinners of the System - Case.1 Crime and Punishment,2019,3,3.28,3.42,-0.14,-4.0,worse
Psycho-Pass: Sinners of the System,2,Psycho-Pass: Sinners of the System - Case.2 First Guardian,2019,3,3.43,3.42,0.01,0.0,better
Psycho-Pass: Sinners of the System,3,Psycho-Pass: Sinners of the System - Case.3 Beyond Love and Hatred,2019,3,3.55,3.42,0.13,4.0,better
Public Enemy,1,Public Enemy,2002,3,3.55,3.29,0.26,8.0,better
Public Enemy,2,Another Public Enemy,2005,3,3.09,3.29,-0.2,-6.0,worse
Public Enemy,3,Public Enemy Returns,2008,3,3.24,3.29,-0.05,-2.0,worse
Puella Magi Madoka Magica: The Movie,1,Puella Magi Madoka Magica the Movie Part I: Beginnings,2012,3,3.83,3.98,-0.15,-4.0,worse
Puella Magi Madoka Magica: The Movie,2,Puella Magi Madoka Magica the Movie Part II: Eternal,2012,3,3.98,3.98,0.0,0.0,equal
Puella Magi Madoka Magica: The Movie,3,Puella Magi Madoka Magica the Movie Part III: Rebellion,2013,3,4.12,3.98,0.14,4.0,better
Pulse,1,Pulse,2006,3,2.05,2.27,-0.22,-10.0,worse
Pulse,2,Pulse 2: Afterlife,2008,3,2.27,2.27,0.0,0.0,equal
Pulse,3,Pulse 3,2008,3,2.49,2.27,0.22,10.0,better
Pumpkinhead,1,Pumpkinhead,1988,4,3.15,2.58,0.57,22.0,better
Pumpkinhead,2,Pumpkinhead II: Blood Wings,1994,4,2.43,2.58,-0.15,-6.0,worse
Pumpkinhead,3,Pumpkinhead: Ashes to Ashes,2006,4,2.33,2.58,-0.25,-10.0,worse
Pumpkinhead,4,Pumpkinhead: Blood Feud,2007,4,2.4,2.58,-0.18,-7.0,worse
Pup Star,1,Pup Star,2016,4,2.63,2.72,-0.08,-3.0,worse
Pup Star,2,Pup Star: Better 2Gether,2017,4,2.78,2.72,0.06,2.0,better
Pup Star,3,Pup Star: World Tour,2018,4,2.77,2.72,0.06,2.0,better
Pup Star,4,Puppy Star Christmas,2018,4,2.68,2.72,-0.03,-1.0,worse
Pusher,1,Pusher,1996,3,3.7,3.79,-0.09,-2.0,worse
Pusher,2,Pusher II,2004,3,3.9,3.79,0.11,3.0,better
Pusher,3,Pusher 3,2005,3,3.77,3.79,-0.02,-1.0,worse
Quatermass (Hammer series),1,The Quatermass Xperiment,1955,3,3.34,3.39,-0.05,-1.0,worse
Quatermass (Hammer series),2,Quatermass 2,1957,3,3.31,3.39,-0.08,-2.0,worse
Quatermass (Hammer series),3,Quatermass and the Pit,1967,3,3.52,3.39,0.13,4.0,better
Qué pena... - Colección,1,Fuck My Life,2010,3,2.9,2.83,0.07,2.0,better
Qué pena... - Colección,2,F*ck My Weddin‪g‬,2011,3,2.83,2.83,-0.0,-0.0,equal
Qué pena... - Colección,3,Qué pena tu familia,2012,3,2.77,2.83,-0.06,-2.0,worse
Raaz,1,Raaz,2002,4,3.1,2.87,0.23,8.0,better
Raaz,2,Raaz: The Mystery Continues...,2009,4,2.94,2.87,0.07,2.0,better
Raaz,3,Raaz 3,2012,4,2.75,2.87,-0.12,-4.0,worse
Raaz,4,Raaz Reboot,2016,4,2.7,2.87,-0.17,-6.0,worse
Race,1,Race,2008,3,2.92,2.37,0.55,23.0,better
Race,2,Race 2,2013,3,2.52,2.37,0.15,6.0,better
Race,3,Race 3,2018,3,1.67,2.37,-0.7,-30.0,worse
Raiders,1,Tokyo Raiders,2000,3,3.08,2.98,0.1,3.0,better
Raiders,2,Seoul Raiders,2005,3,3.05,2.98,0.07,2.0,better
Raiders,3,Europe Raiders,2018,3,2.8,2.98,-0.18,-6.0,worse
Rambo,1,First Blood,1982,5,3.8,3.04,0.76,25.0,better
Rambo,2,Rambo: First Blood Part II,1985,5,3.09,3.04,0.05,2.0,better
Rambo,3,Rambo III,1988,5,2.73,3.04,-0.31,-10.0,worse
Rambo,4,Rambo,2008,5,3.1,3.04,0.06,2.0,better
Rambo,5,Rambo: Last Blood,2019,5,2.49,3.04,-0.55,-18.0,worse
Rampage,1,Rampage,2009,3,2.6,2.48,0.12,5.0,better
Rampage,2,Rampage: Capital Punishment,2014,3,2.55,2.48,0.07,3.0,better
Rampage,3,Rampage: President Down,2016,3,2.3,2.48,-0.18,-7.0,worse
Re-Animator,1,Re-Animator,1985,3,3.75,3.24,0.51,16.0,better
Re-Animator,2,Bride of Re-Animator,1990,3,3.31,3.24,0.07,2.0,better
Re-Animator,3,Beyond Re-Animator,2003,3,2.66,3.24,-0.58,-18.0,worse
Rebirth of Mothra,1,Rebirth of Mothra,1996,3,3.02,2.88,0.14,5.0,better
Rebirth of Mothra,2,Rebirth of Mothra II,1997,3,2.64,2.88,-0.24,-8.0,worse
Rebirth of Mothra,3,Rebirth of Mothra III,1998,3,2.99,2.88,0.11,4.0,better
Rebuild of Evangelion,1,Evangelion: 1.0 You Are (Not) Alone,2007,4,3.65,3.86,-0.21,-5.0,worse
Rebuild of Evangelion,2,Evangelion: 2.0 You Can (Not) Advance,2009,4,3.93,3.86,0.07,2.0,better
Rebuild of Evangelion,3,Evangelion: 3.0 You Can (Not) Redo,2012,4,3.63,3.86,-0.23,-6.0,worse
Rebuild of Evangelion,4,Evangelion: 3.0+1.0 Thrice Upon a Time,2021,4,4.24,3.86,0.38,10.0,better
Recep Ivedik,1,Recep Ivedik,2008,7,2.6,2.41,0.19,8.0,better
Recep Ivedik,2,Recep Ivedik 2,2009,7,2.62,2.41,0.21,9.0,better
Recep Ivedik,3,Recep Ivedik 3,2010,7,2.55,2.41,0.14,6.0,better
Recep Ivedik,4,Recep Ivedik 4,2014,7,2.25,2.41,-0.16,-7.0,worse
Recep Ivedik,5,Recep Ivedik 5,2017,7,2.22,2.41,-0.19,-8.0,worse
Recep Ivedik,6,Recep Ivedik 6,2019,7,2.12,2.41,-0.29,-12.0,worse
Recep Ivedik,7,Recep İvedik 7,2022,7,2.54,2.41,0.13,5.0,better
Recess,1,Recess: School's Out,2001,4,3.2,3.11,0.09,3.0,better
Recess,2,Recess Christmas: Miracle On Third Street,2001,4,3.19,3.11,0.08,3.0,better
Recess,3,Recess: Taking the Fifth Grade,2003,4,3.11,3.11,0.0,0.0,equal
Recess,4,Recess: All Growed Down,2003,4,2.94,3.11,-0.17,-5.0,worse
Red Riding,1,Red Riding: The Year of Our Lord 1974,2009,3,3.5,3.54,-0.04,-1.0,worse
Red Riding,2,Red Riding: The Year of Our Lord 1980,2009,3,3.57,3.54,0.03,1.0,better
Red Riding,3,Red Riding: The Year of Our Lord 1983,2009,3,3.56,3.54,0.02,1.0,better
Reno 911!,1,Reno 911!: Miami,2007,3,3.03,2.99,0.04,1.0,better
Reno 911!,2,Reno 911!: The Hunt for QAnon,2021,3,2.83,2.99,-0.16,-5.0,worse
Reno 911!,3,Reno 911!: It's a Wonderful Heist,2022,3,3.11,2.99,0.12,4.0,better
Resident Evil (Animated),1,Resident Evil: Degeneration,2008,4,2.76,2.89,-0.13,-4.0,worse
Resident Evil (Animated),2,Resident Evil: Damnation,2012,4,2.9,2.89,0.01,0.0,better
Resident Evil (Animated),3,Resident Evil: Vendetta,2017,4,3.0,2.89,0.11,4.0,better
Resident Evil (Animated),4,Resident Evil: Death Island,2023,4,2.91,2.89,0.02,1.0,better
Resident Evil,1,Resident Evil,2002,6,2.87,2.51,0.36,14.0,better
Resident Evil,2,Resident Evil: Apocalypse,2004,6,2.53,2.51,0.02,1.0,better
Resident Evil,3,Resident Evil: Extinction,2007,6,2.55,2.51,0.04,2.0,better
Resident Evil,4,Resident Evil: Afterlife,2010,6,2.45,2.51,-0.06,-2.0,worse
Resident Evil,5,Resident Evil: Retribution,2012,6,2.41,2.51,-0.1,-4.0,worse
Resident Evil,6,Resident Evil: The Final Chapter,2016,6,2.23,2.51,-0.28,-11.0,worse
Return of the Living Dead,1,The Return of the Living Dead,1985,5,3.8,2.62,1.18,45.0,better
Return of the Living Dead,2,Return of the Living Dead Part II,1988,5,2.81,2.62,0.19,7.0,better
Return of the Living Dead,3,Return of the Living Dead III,1993,5,3.03,2.62,0.41,16.0,better
Return of the Living Dead,4,Return of the Living Dead: Necropolis,2005,5,1.72,2.62,-0.9,-34.0,worse
Return of the Living Dead,5,Return of the Living Dead: Rave to the Grave,2005,5,1.74,2.62,-0.88,-34.0,worse
Reunion,1,Reunion,2015,3,2.81,2.77,0.04,1.0,better
Reunion,2,Reunion 2: The Bachelor Party,2016,3,2.77,2.77,0.0,0.0,equal
Reunion,3,Reunion 3: Singles Cruise,2021,3,2.73,2.77,-0.04,-1.0,worse
Revenge of the Nerds,1,Revenge of the Nerds,1984,4,2.92,2.46,0.46,19.0,better
Revenge of the Nerds,2,Revenge of the Nerds II: Nerds in Paradise,1987,4,2.49,2.46,0.03,1.0,better
Revenge of the Nerds,3,Revenge of the Nerds III: The Next Generation,1992,4,2.12,2.46,-0.34,-14.0,worse
Revenge of the Nerds,4,Revenge of the Nerds IV: Nerds In Love,1994,4,2.32,2.46,-0.14,-6.0,worse
Ring,1,Ring,1998,9,3.6,2.58,1.02,40.0,better
Ring,2,The Spiral,1998,9,2.61,2.58,0.03,1.0,better
Ring,3,Ring 2,1999,9,2.9,2.58,0.32,12.0,better
Ring,4,Ring 0,2000,9,2.86,2.58,0.28,11.0,better
Ring,5,Sadako 3D,2012,9,2.06,2.58,-0.52,-20.0,worse
Ring,6,Sadako 3D 2,2013,9,2.46,2.58,-0.12,-5.0,worse
Ring,7,Sadako vs. Kayako,2016,9,2.63,2.58,0.05,2.0,better
Ring,8,Sadako,2019,9,2.26,2.58,-0.32,-12.0,worse
Ring,9,Sadako DX,2022,9,1.8,2.58,-0.78,-30.0,worse
Rise of the Footsoldier,1,Rise of the Footsoldier,2007,6,2.99,2.94,0.06,2.0,better
Rise of the Footsoldier,2,Rise of the Footsoldier: Part II,2015,6,2.81,2.94,-0.12,-4.0,worse
Rise of the Footsoldier,3,Rise of the Footsoldier 3: The Pat Tate Story,2017,6,2.94,2.94,0.0,0.0,equal
Rise of the Footsoldier,4,Rise of the Footsoldier 4: Marbella,2019,6,2.84,2.94,-0.1,-3.0,worse
Rise of the Footsoldier,5,Rise of the Footsoldier: Origins,2021,6,2.91,2.94,-0.02,-1.0,worse
Rise of the Footsoldier,6,Rise of the Footsoldier: Vengeance,2023,6,3.12,2.94,0.19,6.0,better
Road to...,1,Road to Singapore,1940,7,3.14,3.23,-0.09,-3.0,worse
Road to...,2,Road to Zanzibar,1941,7,3.21,3.23,-0.02,-1.0,worse
Road to...,3,Road to Morocco,1942,7,3.38,3.23,0.15,5.0,better
Road to...,4,Road to Utopia,1945,7,3.4,3.23,0.17,5.0,better
Road to...,5,Road to Rio,1947,7,3.34,3.23,0.11,3.0,better
Road to...,6,Road to Bali,1952,7,3.09,3.23,-0.14,-4.0,worse
Road to...,7,The Road to Hong Kong,1962,7,3.07,3.23,-0.16,-5.0,worse
Robert,1,Robert,2015,5,1.47,2.01,-0.54,-27.0,worse
Robert,2,The Curse of Robert the Doll,2016,5,1.78,2.01,-0.23,-11.0,worse
Robert,3,The Toymaker,2017,5,2.27,2.01,0.26,13.0,better
Robert,4,The Revenge of Robert,2018,5,2.17,2.01,0.16,8.0,better
Robert,5,Robert Reborn,2019,5,2.38,2.01,0.37,18.0,better
Robin Jones Gunn's Father Christmas,1,Finding Father Christmas,2016,3,3.04,3.01,0.03,1.0,better
Robin Jones Gunn's Father Christmas,2,Engaging Father Christmas,2017,3,3.07,3.01,0.06,2.0,better
Robin Jones Gunn's Father Christmas,3,Marrying Father Christmas,2018,3,2.93,3.01,-0.08,-3.0,worse
RoboCop,1,RoboCop,1987,3,3.91,2.95,0.96,33.0,better
RoboCop,2,RoboCop 2,1990,3,2.88,2.95,-0.07,-2.0,worse
RoboCop,3,RoboCop 3,1993,3,2.05,2.95,-0.9,-31.0,worse
Rock Dog,1,Rock Dog,2016,3,2.58,2.67,-0.09,-3.0,worse
Rock Dog,2,Rock Dog 2: Rock Around the Park,2021,3,2.63,2.67,-0.04,-2.0,worse
Rock Dog,3,Rock Dog 3: Battle the Beat,2022,3,2.79,2.67,0.12,4.0,better
Rocky,1,Rocky,1976,6,4.07,3.44,0.64,19.0,better
Rocky,2,Rocky II,1979,6,3.72,3.44,0.29,8.0,better
Rocky,3,Rocky III,1982,6,3.43,3.44,-0.0,-0.0,equal
Rocky,4,Rocky IV,1985,6,3.55,3.44,0.11,3.0,better
Rocky,5,Rocky V,1990,6,2.39,3.44,-1.04,-30.0,worse
Rocky,6,Rocky Balboa,2006,6,3.45,3.44,0.02,1.0,better
Rugrats,1,The Rugrats Movie,1998,3,3.1,3.04,0.06,2.0,better
Rugrats,2,Rugrats in Paris: The Movie,2000,3,3.16,3.04,0.12,4.0,better
Rugrats,3,Rugrats Go Wild,2003,3,2.87,3.04,-0.17,-6.0,worse
Rurouni Kenshin (Live-Action),1,Rurouni Kenshin Part I: Origins,2012,5,3.51,3.57,-0.06,-2.0,worse
Rurouni Kenshin (Live-Action),2,Rurouni Kenshin Part II: Kyoto Inferno,2014,5,3.6,3.57,0.03,1.0,better
Rurouni Kenshin (Live-Action),3,Rurouni Kenshin Part III: The Legend Ends,2014,5,3.65,3.57,0.08,2.0,better
Rurouni Kenshin (Live-Action),4,Rurouni Kenshin: The Final,2021,5,3.52,3.57,-0.05,-1.0,worse
Rurouni Kenshin (Live-Action),5,Rurouni Kenshin: The Beginning,2021,5,3.56,3.57,-0.01,-0.0,worse
Rush Hour,1,Rush Hour,1998,3,3.49,3.2,0.29,9.0,better
Rush Hour,2,Rush Hour 2,2001,3,3.26,3.2,0.06,2.0,better
Rush Hour,3,Rush Hour 3,2007,3,2.84,3.2,-0.36,-11.0,worse
S.W.A.T.,1,S.W.A.T.,2003,3,2.67,2.43,0.24,10.0,better
S.W.A.T.,2,S.W.A.T.: Firefight,2011,3,2.22,2.43,-0.21,-9.0,worse
S.W.A.T.,3,S.W.A.T.: Under Siege,2017,3,2.4,2.43,-0.03,-1.0,worse
SPL,1,SPL: Kill Zone,2005,3,3.44,3.39,0.05,1.0,better
SPL,2,SPL 2: A Time for Consequences,2015,3,3.55,3.39,0.16,5.0,better
SPL,3,Paradox,2017,3,3.17,3.39,-0.22,-6.0,worse
Sabrina the Teenage Witch,1,Sabrina the Teenage Witch,1996,3,2.85,2.74,0.11,4.0,better
Sabrina the Teenage Witch,2,Sabrina Goes to Rome,1998,3,2.75,2.74,0.01,0.0,better
Sabrina the Teenage Witch,3,"Sabrina, Down Under",1999,3,2.61,2.74,-0.13,-5.0,worse
Sailor Moon,1,Sailor Moon R: The Movie,1993,3,3.68,3.58,0.1,3.0,better
Sailor Moon,2,Sailor Moon S the Movie: Hearts in Ice,1994,3,3.57,3.58,-0.01,-0.0,worse
Sailor Moon,3,Sailor Moon SuperS: The Movie: Black Dream Hole,1995,3,3.5,3.58,-0.08,-2.0,worse
Saint Seiya,1,Saint Seiya: Evil Goddess Eris,1987,6,3.07,3.09,-0.02,-1.0,worse
Saint Seiya,2,Saint Seiya: The Heated Battle of the Gods,1988,6,3.19,3.09,0.1,3.0,better
Saint Seiya,3,Saint Seiya: Legend of Crimson Youth,1988,6,3.36,3.09,0.27,9.0,better
Saint Seiya,4,Saint Seiya: Warriors of the Final Holy Battle,1989,6,3.09,3.09,-0.0,-0.0,equal
Saint Seiya,5,Saint Seiya Heaven Chapter: Overture,2004,6,3.4,3.09,0.31,10.0,better
Saint Seiya,6,Saint Seiya: Legend of Sanctuary,2014,6,2.45,3.09,-0.64,-21.0,worse
Saints and Soldiers,1,Saints and Soldiers,2003,3,3.14,3.05,0.09,3.0,better
Saints and Soldiers,2,Saints and Soldiers: Airborne Creed,2012,3,3.05,3.05,-0.0,-0.0,equal
Saints and Soldiers,3,Saints and Soldiers: The Void,2014,3,2.97,3.05,-0.08,-3.0,worse
Sami Swoi,1,Our Folks,1967,3,3.55,3.51,0.04,1.0,better
Sami Swoi,2,Take It Easy,1974,3,3.49,3.51,-0.02,-1.0,worse
Sami Swoi,3,Big Deal,1977,3,3.48,3.51,-0.03,-1.0,worse
Samurai,1,Samurai I: Musashi Miyamoto,1954,3,3.63,3.67,-0.04,-1.0,worse
Samurai,2,Samurai II: Duel at Ichijoji Temple,1955,3,3.65,3.67,-0.02,-1.0,worse
Samurai,3,Samurai III: Duel at Ganryu Island,1956,3,3.73,3.67,0.06,2.0,better
Samurai Trilogy (Yoji Yamada),1,The Twilight Samurai,2002,3,4.06,3.9,0.16,4.0,better
Samurai Trilogy (Yoji Yamada),2,The Hidden Blade,2004,3,3.86,3.9,-0.04,-1.0,worse
Samurai Trilogy (Yoji Yamada),3,Love and Honor,2006,3,3.79,3.9,-0.11,-3.0,worse
Sarkar,1,Sarkar,2005,3,3.4,3.15,0.25,8.0,better
Sarkar,2,Sarkar Raj,2008,3,3.19,3.15,0.04,1.0,better
Sarkar,3,Sarkar 3,2017,3,2.87,3.15,-0.28,-9.0,worse
Sartana,1,If You Meet Sartana Pray for Your Death,1968,5,3.34,3.31,0.03,1.0,better
Sartana,2,I Am Sartana Your Angel of Death,1969,5,3.34,3.31,0.03,1.0,better
Sartana,3,Sartana's Here... Trade Your Pistol for a Coffin,1970,5,3.19,3.31,-0.12,-4.0,worse
Sartana,4,"Have a Good Funeral, My Friend… Sartana Will Pay",1970,5,3.31,3.31,0.0,0.0,equal
Sartana,5,Light the Fuse… Sartana Is Coming,1970,5,3.36,3.31,0.05,2.0,better
Saw,1,Saw,2004,10,3.59,2.74,0.85,31.0,better
Saw,2,Saw II,2005,10,3.11,2.74,0.37,13.0,better
Saw,3,Saw III,2006,10,2.86,2.74,0.12,4.0,better
Saw,4,Saw IV,2007,10,2.6,2.74,-0.14,-5.0,worse
Saw,5,Saw V,2008,10,2.54,2.74,-0.2,-7.0,worse
Saw,6,Saw VI,2009,10,2.79,2.74,0.05,2.0,better
Saw,7,Saw 3D,2010,10,2.23,2.74,-0.51,-19.0,worse
Saw,8,Jigsaw,2017,10,2.36,2.74,-0.38,-14.0,worse
Saw,9,Spiral: From the Book of Saw,2021,10,2.1,2.74,-0.64,-23.0,worse
Saw,10,Saw X,2023,10,3.25,2.74,0.51,19.0,better
Scanners,1,Scanners,1981,3,3.47,2.92,0.55,19.0,better
Scanners,2,Scanners II: The New Order,1991,3,2.7,2.92,-0.22,-8.0,worse
Scanners,3,Scanners III: The Takeover,1991,3,2.59,2.92,-0.33,-11.0,worse
Scarecrow,1,Scarecrow,2002,3,2.61,2.64,-0.03,-1.0,worse
Scarecrow,2,Scarecrow Slayer,2003,3,2.59,2.64,-0.05,-2.0,worse
Scarecrow,3,Scarecrow Gone Wild,2004,3,2.72,2.64,0.08,3.0,better
Scary Movie,1,Scary Movie,2000,5,3.0,2.37,0.63,27.0,better
Scary Movie,2,Scary Movie 2,2001,5,2.56,2.37,0.19,8.0,better
Scary Movie,3,Scary Movie 3,2003,5,2.59,2.37,0.22,9.0,better
Scary Movie,4,Scary Movie 4,2006,5,2.14,2.37,-0.23,-10.0,worse
Scary Movie,5,Scary Movie 5,2013,5,1.54,2.37,-0.83,-35.0,worse
Scream,1,Scream,1996,6,4.02,3.33,0.69,21.0,better
Scream,2,Scream 2,1997,6,3.26,3.33,-0.07,-2.0,worse
Scream,3,Scream 3,2000,6,2.79,3.33,-0.54,-16.0,worse
Scream,4,Scream 4,2011,6,3.29,3.33,-0.04,-1.0,worse
Scream,5,Scream,2022,6,3.21,3.33,-0.12,-4.0,worse
Scream,6,Scream VI,2023,6,3.41,3.33,0.08,2.0,better
Serial (Bad) Weddings,1,Serial (Bad) Weddings,2014,3,3.01,2.74,0.27,10.0,better
Serial (Bad) Weddings,2,Serial (Bad) Weddings 2,2019,3,2.62,2.74,-0.12,-4.0,worse
Serial (Bad) Weddings,3,Serial (Bad) Weddings 3,2021,3,2.6,2.74,-0.14,-5.0,worse
Seventh Company,1,Now Where Did the Seventh Company Get to?,1973,3,3.53,3.45,0.08,2.0,better
Seventh Company,2,The Seventh Company Has Been Found,1975,3,3.47,3.45,0.02,1.0,better
Seventh Company,3,The Seventh Company Outdoors,1977,3,3.34,3.45,-0.11,-3.0,worse
Shaft,1,Shaft,1971,3,3.43,3.18,0.25,8.0,better
Shaft,2,Shaft's Big Score!,1972,3,3.1,3.18,-0.08,-3.0,worse
Shaft,3,Shaft in Africa,1973,3,3.0,3.18,-0.18,-6.0,worse
Shaolin Temple,1,Shaolin Temple,1982,3,3.36,3.3,0.06,2.0,better
Shaolin Temple,2,Kids From Shaolin,1984,3,3.28,3.3,-0.02,-1.0,worse
Shaolin Temple,3,Martial Arts of Shaolin,1986,3,3.25,3.3,-0.05,-2.0,worse
Shark Attack,1,Shark Attack,1999,3,2.31,2.28,0.03,1.0,better
Shark Attack,2,Shark Attack 2,2001,3,2.47,2.28,0.19,8.0,better
Shark Attack,3,Shark Attack 3: Megalodon,2002,3,2.05,2.28,-0.23,-10.0,worse
Sharknado,1,Sharknado,2013,6,1.72,1.93,-0.21,-11.0,worse
Sharknado,2,Sharknado 2: The Second One,2014,6,1.94,1.93,0.01,1.0,better
Sharknado,3,Sharknado 3: Oh Hell No!,2015,6,2.02,1.93,0.09,5.0,better
Sharknado,4,Sharknado 4: The 4th Awakens,2016,6,1.93,1.93,-0.0,-0.0,equal
Sharknado,5,Sharknado 5: Global Swarming,2017,6,1.97,1.93,0.04,2.0,better
Sharknado,6,The Last Sharknado: It's About Time,2018,6,2.01,1.93,0.08,4.0,better
Sharktopus,1,Sharktopus,2010,3,1.91,1.91,-0.0,-0.0,equal
Sharktopus,2,Sharktopus vs. Pteracuda,2014,3,2.06,1.91,0.15,8.0,better
Sharktopus,3,Sharktopus vs. Whalewolf,2015,3,1.76,1.91,-0.15,-8.0,worse
Sherlock Holmes (Jeremy Brett),1,The Sign of Four,1987,4,3.53,3.49,0.04,1.0,better
Sherlock Holmes (Jeremy Brett),2,The Hound of the Baskervilles,1988,4,3.54,3.49,0.05,1.0,better
Sherlock Holmes (Jeremy Brett),3,The Master Blackmailer,1992,4,3.54,3.49,0.05,1.0,better
Sherlock Holmes (Jeremy Brett),4,The Last Vampyre,1993,4,3.36,3.49,-0.13,-4.0,worse
Shiloh,1,Shiloh,1996,3,2.92,3.01,-0.09,-3.0,worse
Shiloh,2,Shiloh 2: Shiloh Season,1999,3,3.04,3.01,0.03,1.0,better
Shiloh,3,Saving Shiloh,2006,3,3.07,3.01,0.06,2.0,better
Shin Japan Heroes Universe,1,Shin Godzilla,2016,3,3.86,3.67,0.19,5.0,better
Shin Japan Heroes Universe,2,Shin Ultraman,2022,3,3.57,3.67,-0.1,-3.0,worse
Shin Japan Heroes Universe,3,Shin Kamen Rider,2023,3,3.58,3.67,-0.09,-2.0,worse
Shrek,1,Shrek,2001,4,4.04,3.39,0.65,19.0,better
Shrek,2,Shrek 2,2004,4,3.99,3.39,0.6,18.0,better
Shrek,3,Shrek the Third,2007,4,2.74,3.39,-0.65,-19.0,worse
Shrek,4,Shrek Forever After,2010,4,2.8,3.39,-0.59,-17.0,worse
Si Doel The Movie -,1,Si Doel the Movie,2018,3,3.17,3.15,0.02,1.0,better
Si Doel The Movie -,2,Si Doel the Movie 2,2019,3,3.15,3.15,0.0,0.0,equal
Si Doel The Movie -,3,The End of Doel's Love Story,2020,3,3.12,3.15,-0.03,-1.0,worse
Sijjin,1,Sijjin,2014,6,2.58,2.67,-0.09,-3.0,worse
Sijjin,2,Sijjin 2,2015,6,2.77,2.67,0.1,4.0,better
Sijjin,3,Sijjin 3: The Forbidden Love,2016,6,2.74,2.67,0.07,3.0,better
Sijjin,4,Sijjin 4,2017,6,2.69,2.67,0.02,1.0,better
Sijjin,5,Sijjin 5,2018,6,2.62,2.67,-0.05,-2.0,worse
Sijjin,6,Sijjin 6,2019,6,2.64,2.67,-0.03,-1.0,worse
"Silent Night, Deadly Night",1,"Silent Night, Deadly Night",1984,5,2.99,2.5,0.49,20.0,better
"Silent Night, Deadly Night",2,"Silent Night, Deadly Night Part 2",1987,5,2.36,2.5,-0.14,-6.0,worse
"Silent Night, Deadly Night",3,"Silent Night, Deadly Night 3: Better Watch Out!",1989,5,1.99,2.5,-0.51,-20.0,worse
"Silent Night, Deadly Night",4,Silent Night Deadly Night 4: Initiation,1990,5,2.56,2.5,0.06,2.0,better
"Silent Night, Deadly Night",5,"Silent Night, Deadly Night 5: The Toy Maker",1991,5,2.61,2.5,0.11,4.0,better
Simon Brenner,1,"Come, Sweet Death",2000,4,3.56,3.57,-0.01,-0.0,worse
Simon Brenner,2,Silentium,2004,4,3.6,3.57,0.03,1.0,better
Simon Brenner,3,The Bone Man,2009,4,3.61,3.57,0.04,1.0,better
Simon Brenner,4,Life Eternal,2015,4,3.52,3.57,-0.05,-1.0,worse
Singam,1,Singam,2010,3,3.15,2.87,0.28,10.0,better
Singam,2,Singam II,2013,3,2.87,2.87,-0.0,-0.0,equal
Singam,3,Si 3,2017,3,2.6,2.87,-0.27,-9.0,worse
Sissi,1,Sissi,1955,3,3.5,3.44,0.06,2.0,better
Sissi,2,Sissi: The Young Empress,1956,3,3.44,3.44,0.0,0.0,equal
Sissi,3,Sissi: The Fateful Years of an Empress,1957,3,3.38,3.44,-0.06,-2.0,worse
Sister Street Fighter,1,Sister Street Fighter,1974,4,3.37,3.22,0.15,5.0,better
Sister Street Fighter,2,Sister Street Fighter: Hanging by a Thread,1974,4,3.37,3.22,0.15,5.0,better
Sister Street Fighter,3,The Return of Sister Street Fighter,1975,4,3.18,3.22,-0.04,-1.0,worse
Sister Street Fighter,4,Sister Street Fighter: Fifth Level Fist,1976,4,2.97,3.22,-0.25,-8.0,worse
Skyline,1,Skyline,2010,3,1.82,2.26,-0.44,-19.0,worse
Skyline,2,Beyond Skyline,2017,3,2.52,2.26,0.26,11.0,better
Skyline,3,Skylines,2020,3,2.45,2.26,0.19,8.0,better
Slap Shot,1,Slap Shot,1977,3,3.55,2.98,0.57,19.0,better
Slap Shot,2,Slap Shot 2: Breaking the Ice,2002,3,2.66,2.98,-0.32,-11.0,worse
Slap Shot,3,Slap Shot 3: The Junior League,2008,3,2.72,2.98,-0.26,-9.0,worse
Sleepaway Camp,1,Sleepaway Camp,1983,5,3.22,2.38,0.84,35.0,better
Sleepaway Camp,2,Sleepaway Camp II: Unhappy Campers,1988,5,2.79,2.38,0.41,17.0,better
Sleepaway Camp,3,Sleepaway Camp III: Teenage Wasteland,1989,5,2.49,2.38,0.11,5.0,better
Sleepaway Camp,4,Return to Sleepaway Camp,2008,5,1.99,2.38,-0.39,-16.0,worse
Sleepaway Camp,5,Sleepaway Camp IV: The Survivor,2012,5,1.43,2.38,-0.95,-40.0,worse
Smokey and the Bandit,1,Smokey and the Bandit,1977,3,3.55,2.71,0.84,31.0,better
Smokey and the Bandit,2,Smokey and the Bandit II,1980,3,2.65,2.71,-0.06,-2.0,worse
Smokey and the Bandit,3,Smokey and the Bandit Part 3,1983,3,1.94,2.71,-0.77,-28.0,worse
Snake Eater,1,Snake Eater,1989,3,2.85,2.96,-0.11,-4.0,worse
Snake Eater,2,Snake Eater II: The Drug Buster,1989,3,2.99,2.96,0.03,1.0,better
Snake Eater,3,Snake Eater III: His Law,1992,3,3.04,2.96,0.08,3.0,better
Solidarity Trilogy,1,Man of Marble,1977,3,3.8,3.6,0.2,6.0,better
Solidarity Trilogy,2,Man of Iron,1981,3,3.66,3.6,0.06,2.0,better
Solidarity Trilogy,3,Walesa: Man of Hope,2013,3,3.33,3.6,-0.27,-8.0,worse
Sometimes They Come Back,1,Sometimes They Come Back,1991,3,2.74,2.52,0.22,9.0,better
Sometimes They Come Back,2,Sometimes They Come Back... Again,1996,3,2.47,2.52,-0.05,-2.0,worse
Sometimes They Come Back,3,Sometimes They Come Back... for More,1998,3,2.34,2.52,-0.18,-7.0,worse
Son of Batman,1,Son of Batman,2014,4,3.07,3.08,-0.01,-0.0,worse
Son of Batman,2,Batman vs. Robin,2015,4,3.19,3.08,0.11,4.0,better
Son of Batman,3,Batman: Bad Blood,2016,4,3.03,3.08,-0.05,-2.0,worse
Son of Batman,4,Batman: Hush,2019,4,3.04,3.08,-0.04,-1.0,worse
Soof,1,Soof,2013,3,3.2,3.18,0.02,1.0,better
Soof,2,Soof 2,2016,3,3.12,3.18,-0.06,-2.0,worse
Soof,3,Soof 3,2022,3,3.22,3.18,0.04,1.0,better
Spanish Apartment Trilogy,1,The Spanish Apartment,2002,3,3.58,3.45,0.13,4.0,better
Spanish Apartment Trilogy,2,Russian Dolls,2005,3,3.35,3.45,-0.1,-3.0,worse
Spanish Apartment Trilogy,3,Chinese Puzzle,2013,3,3.41,3.45,-0.04,-1.0,worse
Species,1,Species,1995,4,2.73,2.17,0.56,26.0,better
Species,2,Species II,1998,4,2.32,2.17,0.15,7.0,better
Species,3,Species III,2004,4,1.89,2.17,-0.28,-13.0,worse
Species,4,Species: The Awakening,2007,4,1.74,2.17,-0.43,-20.0,worse
Spider-Man (Avengers),1,Spider-Man: Homecoming,2017,3,3.47,3.57,-0.1,-3.0,worse
Spider-Man (Avengers),2,Spider-Man: Far from Home,2019,3,3.37,3.57,-0.2,-6.0,worse
Spider-Man (Avengers),3,Spider-Man: No Way Home,2021,3,3.87,3.57,0.3,8.0,better
Spider-Man (TV),1,Spider-Man,1977,3,2.45,2.51,-0.06,-2.0,worse
Spider-Man (TV),2,Spider-Man Strikes Back,1978,3,2.56,2.51,0.05,2.0,better
Spider-Man (TV),3,Spider-Man: The Dragon's Challenge,1979,3,2.53,2.51,0.02,1.0,better
Spider-Man,1,Spider-Man,2002,3,3.75,3.53,0.22,6.0,better
Spider-Man,2,Spider-Man 2,2004,3,3.87,3.53,0.34,10.0,better
Spider-Man,3,Spider-Man 3,2007,3,2.97,3.53,-0.56,-16.0,worse
SpongeBob,1,The SpongeBob SquarePants Movie,2004,3,3.83,3.01,0.82,27.0,better
SpongeBob,2,The SpongeBob Movie: Sponge Out of Water,2015,3,2.63,3.01,-0.38,-13.0,worse
SpongeBob,3,The SpongeBob Movie: Sponge on the Run,2020,3,2.57,3.01,-0.44,-15.0,worse
Spud,1,Spud,2010,3,3.23,3.21,0.02,1.0,better
Spud,2,Spud 2: The Madness Continues,2013,3,3.2,3.21,-0.01,-0.0,worse
Spud,3,Spud 3: Learning to Fly,2014,3,3.19,3.21,-0.02,-1.0,worse
Spy Kids,1,Spy Kids,2001,5,2.89,2.27,0.62,27.0,better
Spy Kids,2,Spy Kids 2: The Island of Lost Dreams,2002,5,2.71,2.27,0.44,19.0,better
Spy Kids,3,Spy Kids 3-D: Game Over,2003,5,2.36,2.27,0.09,4.0,better
Spy Kids,4,Spy Kids: All the Time in the World,2011,5,1.61,2.27,-0.66,-29.0,worse
Spy Kids,5,Spy Kids: Armageddon,2023,5,1.8,2.27,-0.47,-21.0,worse
Squared Love,1,Squared Love,2021,3,1.99,2.43,-0.44,-18.0,worse
Squared Love,2,Squared Love All Over Again,2023,3,2.55,2.43,0.12,5.0,better
Squared Love,3,Squared Love Everlasting,2023,3,2.75,2.43,0.32,13.0,better
Stalked by My Doctor,1,Stalked by My Doctor,2015,5,2.7,2.97,-0.27,-9.0,worse
Stalked by My Doctor,2,Stalked by My Doctor: The Return,2016,5,2.89,2.97,-0.08,-3.0,worse
Stalked by My Doctor,3,Stalked by My Doctor: Patient's Revenge,2018,5,3.2,2.97,0.23,8.0,better
Stalked by My Doctor,4,Stalked by My Doctor: A Sleepwalker's Nightmare,2019,5,3.0,2.97,0.03,1.0,better
Stalked by My Doctor,5,Just What the Doctor Ordered,2021,5,3.07,2.97,0.1,3.0,better
Star Trek: Alternate Reality,1,Star Trek,2009,3,3.62,3.4,0.22,6.0,better
Star Trek: Alternate Reality,2,Star Trek Into Darkness,2013,3,3.32,3.4,-0.08,-2.0,worse
Star Trek: Alternate Reality,3,Star Trek Beyond,2016,3,3.26,3.4,-0.14,-4.0,worse
Star Trek: The Next Generation,1,Star Trek: Generations,1994,4,3.0,3.02,-0.02,-1.0,worse
Star Trek: The Next Generation,2,Star Trek: First Contact,1996,4,3.64,3.02,0.62,21.0,better
Star Trek: The Next Generation,3,Star Trek: Insurrection,1998,4,2.79,3.02,-0.23,-8.0,worse
Star Trek: The Next Generation,4,Star Trek: Nemesis,2002,4,2.65,3.02,-0.37,-12.0,worse
Star Trek: The Original Series,1,Star Trek: The Motion Picture,1979,6,3.15,3.35,-0.2,-6.0,worse
Star Trek: The Original Series,2,Star Trek II: The Wrath of Khan,1982,6,3.91,3.35,0.56,17.0,better
Star Trek: The Original Series,3,Star Trek III: The Search for Spock,1984,6,3.22,3.35,-0.13,-4.0,worse
Star Trek: The Original Series,4,Star Trek IV: The Voyage Home,1986,6,3.69,3.35,0.34,10.0,better
Star Trek: The Original Series,5,Star Trek V: The Final Frontier,1989,6,2.52,3.35,-0.83,-25.0,worse
Star Trek: The Original Series,6,Star Trek VI: The Undiscovered Country,1991,6,3.6,3.35,0.25,7.0,better
Star Wars,1,Star Wars,1977,9,4.18,3.4,0.78,23.0,better
Star Wars,2,The Empire Strikes Back,1980,9,4.4,3.4,1.0,29.0,better
Star Wars,3,Return of the Jedi,1983,9,4.02,3.4,0.62,18.0,better
Star Wars,4,Star Wars: Episode I – The Phantom Menace,1999,9,2.81,3.4,-0.59,-17.0,worse
Star Wars,5,Star Wars: Episode II – Attack of the Clones,2002,9,2.73,3.4,-0.67,-20.0,worse
Star Wars,6,Star Wars: Episode III – Revenge of the Sith,2005,9,3.73,3.4,0.33,10.0,better
Star Wars,7,Star Wars: The Force Awakens,2015,9,3.34,3.4,-0.06,-2.0,worse
Star Wars,8,Star Wars: The Last Jedi,2017,9,3.01,3.4,-0.39,-11.0,worse
Star Wars,9,Star Wars: The Rise of Skywalker,2019,9,2.38,3.4,-1.02,-30.0,worse
Starship Troopers,1,Starship Troopers,1997,5,3.78,2.61,1.17,45.0,better
Starship Troopers,2,Starship Troopers 2: Hero of the Federation,2004,5,1.89,2.61,-0.72,-28.0,worse
Starship Troopers,3,Starship Troopers 3: Marauder,2008,5,2.17,2.61,-0.44,-17.0,worse
Starship Troopers,4,Starship Troopers: Invasion,2012,5,2.58,2.61,-0.03,-1.0,worse
Starship Troopers,5,Starship Troopers: Traitor of Mars,2017,5,2.64,2.61,0.03,1.0,better
Step Up,1,Step Up,2006,5,2.97,2.84,0.13,5.0,better
Step Up,2,Step Up 2: The Streets,2008,5,2.89,2.84,0.05,2.0,better
Step Up,3,Step Up 3D,2010,5,2.87,2.84,0.03,1.0,better
Step Up,4,Step Up Revolution,2012,5,2.76,2.84,-0.08,-3.0,worse
Step Up,5,Step Up All In,2014,5,2.69,2.84,-0.15,-5.0,worse
Stray Cat Rock,1,Stray Cat Rock: Delinquent Girl Boss,1970,5,3.25,3.23,0.02,1.0,better
Stray Cat Rock,2,Stray Cat Rock: Wild Jumbo,1970,5,3.13,3.23,-0.1,-3.0,worse
Stray Cat Rock,3,Stray Cat Rock: Sex Hunter,1970,5,3.32,3.23,0.09,3.0,better
Stray Cat Rock,4,Stray Cat Rock: Machine Animal,1970,5,3.31,3.23,0.08,2.0,better
Stray Cat Rock,5,Stray Cat Rock: Beat '71,1971,5,3.12,3.23,-0.11,-3.0,worse
Stuart Little,1,Stuart Little,1999,3,2.79,2.4,0.39,16.0,better
Stuart Little,2,Stuart Little 2,2002,3,2.47,2.4,0.07,3.0,better
Stuart Little,3,Stuart Little 3: Call of the Wild,2005,3,1.93,2.4,-0.47,-20.0,worse
Subspecies,1,Subspecies,1991,6,2.84,2.91,-0.07,-2.0,worse
Subspecies,2,Bloodstone: Subspecies II,1993,6,3.08,2.91,0.17,6.0,better
Subspecies,3,Bloodlust: Subspecies III,1994,6,2.9,2.91,-0.01,-0.0,worse
Subspecies,4,Vampire Journals,1997,6,2.77,2.91,-0.14,-5.0,worse
Subspecies,5,Subspecies 4: Bloodstorm,1998,6,2.74,2.91,-0.17,-6.0,worse
Subspecies,6,Subspecies V: Blood Rise,2023,6,3.13,2.91,0.22,8.0,better
Suck Me Shakespeer,1,Suck Me Shakespeer,2013,3,2.96,2.64,0.32,12.0,better
Suck Me Shakespeer,2,Suck Me Shakespeer 2,2015,3,2.58,2.64,-0.06,-2.0,worse
Suck Me Shakespeer,3,Suck Me Shakespeer 3,2017,3,2.38,2.64,-0.26,-10.0,worse
Sul più bello - Collezione,1,Out of My League,2020,3,2.55,2.45,0.1,4.0,better
Sul più bello - Collezione,2,Still Out of My League,2021,3,2.39,2.45,-0.06,-2.0,worse
Sul più bello - Collezione,3,Forever Out of My League,2021,3,2.4,2.45,-0.05,-2.0,worse
"Sun, Hay",1,"Sun, Hay, Berries",1983,3,3.37,3.25,0.12,4.0,better
"Sun, Hay",2,"Sun, Hay and a Couple of Slaps",1989,3,3.33,3.25,0.08,2.0,better
"Sun, Hay",3,"Sun, Hay, Erotica",1991,3,3.06,3.25,-0.19,-6.0,worse
Superman (DC Universe Animated),1,Superman: The Last Son of Krypton,1996,3,3.56,3.32,0.24,7.0,better
Superman (DC Universe Animated),2,The Batman Superman Movie: World's Finest,1997,3,3.61,3.32,0.29,9.0,better
Superman (DC Universe Animated),3,Superman: Brainiac Attacks,2006,3,2.78,3.32,-0.54,-16.0,worse
Superman,1,Superman,1978,5,3.66,2.71,0.95,35.0,better
Superman,2,Superman II,1980,5,3.33,2.71,0.62,23.0,better
Superman,3,Superman III,1983,5,2.28,2.71,-0.43,-16.0,worse
Superman,4,Superman IV: The Quest for Peace,1987,5,1.71,2.71,-1.0,-37.0,worse
Superman,5,Superman Returns,2006,5,2.59,2.71,-0.12,-4.0,worse
Swordsman,1,Swordsman,1990,3,3.4,3.45,-0.05,-1.0,worse
Swordsman,2,The Legend of the Swordsman,1992,3,3.63,3.45,0.18,5.0,better
Swordsman,3,Swordsman III: The East Is Red,1993,3,3.33,3.45,-0.12,-3.0,worse
Taina,1,Tainá: An Amazon Adventure,2000,3,2.98,2.96,0.02,1.0,better
Taina,2,Tainá 2 - A New Amazon Adventure,2004,3,2.87,2.96,-0.09,-3.0,worse
Taina,3,Tainá - An Amazon Legend,2011,3,3.02,2.96,0.06,2.0,better
Taken,1,Taken,2008,3,3.46,2.73,0.73,27.0,better
Taken,2,Taken 2,2012,3,2.53,2.73,-0.2,-7.0,worse
Taken,3,Taken 3,2014,3,2.19,2.73,-0.54,-20.0,worse
Tales From the Hood,1,Tales from the Hood,1995,3,3.61,2.87,0.74,26.0,better
Tales From the Hood,2,Tales from the Hood 2,2018,3,2.3,2.87,-0.57,-20.0,worse
Tales From the Hood,3,Tales from the Hood 3,2020,3,2.69,2.87,-0.18,-6.0,worse
Tales from the Crypt,1,Tales from the Crypt: Demon Knight,1995,3,3.39,2.91,0.48,16.0,better
Tales from the Crypt,2,Bordello of Blood,1996,3,2.71,2.91,-0.2,-7.0,worse
Tales from the Crypt,3,Ritual,2002,3,2.63,2.91,-0.28,-10.0,worse
Tales of the Four Seasons,1,A Tale of Springtime,1990,4,3.65,3.84,-0.2,-5.0,worse
Tales of the Four Seasons,2,A Tale of Winter,1992,4,3.81,3.84,-0.04,-1.0,worse
Tales of the Four Seasons,3,A Summer's Tale,1996,4,4.07,3.84,0.23,6.0,better
Tales of the Four Seasons,4,A Tale of Autumn,1998,4,3.85,3.84,0.0,0.0,equal
Tamiko Trilogy,1,Where Spring Comes Late,1970,3,3.67,3.65,0.02,1.0,better
Tamiko Trilogy,2,Home from the Sea,1972,3,3.61,3.65,-0.04,-1.0,worse
Tamiko Trilogy,3,A Distant Cry from Spring,1980,3,3.66,3.65,0.01,0.0,better
Tarkan [Seri],1,Tarkan,1969,5,3.22,3.19,0.03,1.0,better
Tarkan [Seri],2,Tarkan and the Silver Saddle,1970,5,3.2,3.19,0.01,0.0,better
Tarkan [Seri],3,Tarkan and the Blood of the Vikings,1971,5,3.22,3.19,0.03,1.0,better
Tarkan [Seri],4,Tarkan: The Golden Medallion,1973,5,3.15,3.19,-0.04,-1.0,worse
Tarkan [Seri],5,Tarkan and the Armless Hero,1973,5,3.18,3.19,-0.01,-0.0,worse
Tarzan (Animation),1,Tarzan,1999,3,3.66,2.84,0.82,29.0,better
Tarzan (Animation),2,Tarzan & Jane,2002,3,2.36,2.84,-0.48,-17.0,worse
Tarzan (Animation),3,Tarzan II,2005,3,2.51,2.84,-0.33,-12.0,worse
Taxi,1,Taxi,1998,5,3.23,2.71,0.52,19.0,better
Taxi,2,Taxi 2,2000,5,3.02,2.71,0.31,11.0,better
Taxi,3,Taxi 3,2003,5,2.71,2.71,0.0,0.0,equal
Taxi,4,Taxi 4,2007,5,2.58,2.71,-0.13,-5.0,worse
Taxi,5,Taxi 5,2018,5,2.01,2.71,-0.7,-26.0,worse
Tazza,1,Tazza: The High Rollers,2006,3,3.79,3.33,0.46,14.0,better
Tazza,2,Tazza: The Hidden Card,2014,3,3.21,3.33,-0.12,-4.0,worse
Tazza,3,Tazza: One Eyed Jack,2019,3,2.99,3.33,-0.34,-10.0,worse
Teen Titans Go!,1,Teen Titans Go! To the Movies,2018,4,3.22,2.79,0.43,15.0,better
Teen Titans Go!,2,Teen Titans Go! vs. Teen Titans,2019,4,3.14,2.79,0.35,13.0,better
Teen Titans Go!,3,Teen Titans Go! See Space Jam,2021,4,2.2,2.79,-0.59,-21.0,worse
Teen Titans Go!,4,Teen Titans Go! & DC Super Hero Girls: Mayhem in the Multiverse,2022,4,2.61,2.79,-0.18,-6.0,worse
Teenage Mutant Ninja Turtles,1,Teenage Mutant Ninja Turtles,1990,3,3.31,2.78,0.53,19.0,better
Teenage Mutant Ninja Turtles,2,Teenage Mutant Ninja Turtles II: The Secret of the Ooze,1991,3,2.87,2.78,0.09,3.0,better
Teenage Mutant Ninja Turtles,3,Teenage Mutant Ninja Turtles III,1993,3,2.15,2.78,-0.63,-23.0,worse
Tempelriddernes skat,1,The Lost Treasure of the Knights Templar,2006,3,3.2,3.16,0.04,1.0,better
Tempelriddernes skat,2,The Lost Treasure of the Knights Templar II,2007,3,3.16,3.16,0.0,0.0,equal
Tempelriddernes skat,3,The Lost Treasure of the Knights Templar III: The Mystery of the Snake Crown,2008,3,3.12,3.16,-0.04,-1.0,worse
Tenchi Muyô,1,Tenchi Muyo! In Love,1996,3,3.42,3.35,0.07,2.0,better
Tenchi Muyô,2,Tenchi the Movie 2: The Daughter of Darkness,1997,3,3.25,3.35,-0.1,-3.0,worse
Tenchi Muyô,3,Tenchi Forever!,1999,3,3.39,3.35,0.04,1.0,better
Tetsuo,1,Tetsuo: The Iron Man,1989,3,3.86,3.35,0.51,15.0,better
Tetsuo,2,Tetsuo II: Body Hammer,1992,3,3.47,3.35,0.12,4.0,better
Tetsuo,3,Tetsuo: The Bullet Man,2009,3,2.73,3.35,-0.62,-18.0,worse
Texas Chainsaw Massacre,1,The Texas Chain Saw Massacre,1974,7,3.86,2.47,1.39,56.0,better
Texas Chainsaw Massacre,2,The Texas Chainsaw Massacre 2,1986,7,3.18,2.47,0.71,29.0,better
Texas Chainsaw Massacre,3,Leatherface: The Texas Chainsaw Massacre III,1990,7,2.35,2.47,-0.12,-5.0,worse
Texas Chainsaw Massacre,4,The Return of the Texas Chainsaw Massacre,1995,7,1.93,2.47,-0.54,-22.0,worse
Texas Chainsaw Massacre,5,Texas Chainsaw 3D,2013,7,2.01,2.47,-0.46,-19.0,worse
Texas Chainsaw Massacre,6,Leatherface,2017,7,2.14,2.47,-0.33,-13.0,worse
Texas Chainsaw Massacre,7,Texas Chainsaw Massacre,2022,7,1.82,2.47,-0.65,-26.0,worse
The 36th Chamber of Shaolin,1,The 36th Chamber of Shaolin,1978,3,3.99,3.54,0.45,13.0,better
The 36th Chamber of Shaolin,2,Return to the 36th Chamber,1980,3,3.41,3.54,-0.13,-4.0,worse
The 36th Chamber of Shaolin,3,Disciples of the 36th Chamber,1985,3,3.22,3.54,-0.32,-9.0,worse
The ABCs of Death,1,The ABCs of Death,2012,3,2.44,2.65,-0.21,-8.0,worse
The ABCs of Death,2,ABCs of Death 2,2014,3,2.75,2.65,0.1,4.0,better
The ABCs of Death,3,ABCs of Death 2 1/2,2016,3,2.75,2.65,0.1,4.0,better
The Adventures Of Antoine Doinel,1,The 400 Blows,1959,4,4.32,3.9,0.43,11.0,better
The Adventures Of Antoine Doinel,2,Stolen Kisses,1968,4,3.89,3.9,-0.0,-0.0,equal
The Adventures Of Antoine Doinel,3,Bed and Board,1970,4,3.76,3.9,-0.14,-4.0,worse
The Adventures Of Antoine Doinel,4,Love on the Run,1979,4,3.61,3.9,-0.29,-7.0,worse
The Adventures of Tad Jones,1,"Tad, the Lost Explorer",2012,3,2.58,2.63,-0.05,-2.0,worse
The Adventures of Tad Jones,2,"Tad, the Lost Explorer, and the Secret of King Midas",2017,3,2.59,2.63,-0.04,-2.0,worse
The Adventures of Tad Jones,3,"Tad, the Lost Explorer and the Emerald Tablet",2022,3,2.71,2.63,0.08,3.0,better
The Amityville,1,The Amityville Horror,1979,10,2.98,2.46,0.52,21.0,better
The Amityville,2,Amityville II: The Possession,1982,10,2.94,2.46,0.48,20.0,better
The Amityville,3,Amityville 3-D,1983,10,2.25,2.46,-0.21,-9.0,worse
The Amityville,4,Amityville: The Evil Escapes,1989,10,2.47,2.46,0.01,0.0,better
The Amityville,5,The Amityville Curse,1990,10,1.81,2.46,-0.65,-26.0,worse
The Amityville,6,Amityville 1992: It's About Time,1992,10,2.79,2.46,0.33,13.0,better
The Amityville,7,Amityville: A New Generation,1993,10,2.32,2.46,-0.14,-6.0,worse
The Amityville,8,Amityville: Dollhouse,1996,10,2.51,2.46,0.05,2.0,better
The Amityville,9,The Amityville Horror,2005,10,2.56,2.46,0.1,4.0,better
The Amityville,10,Amityville: The Awakening,2017,10,1.98,2.46,-0.48,-20.0,worse
The Anderssons,1,Sune i Grekland - all inclusive,2012,3,2.99,2.98,0.01,0.0,better
The Anderssons,2,The Anderssons Hit the Road,2013,3,2.96,2.98,-0.02,-1.0,worse
The Anderssons,3,Sune i fjällen,2014,3,2.99,2.98,0.01,0.0,better
The Ape Woman,1,The Monster and the Girl,1941,4,3.06,2.9,0.16,6.0,better
The Ape Woman,2,Captive Wild Woman,1943,4,2.81,2.9,-0.09,-3.0,worse
The Ape Woman,3,Jungle Woman,1944,4,2.81,2.9,-0.09,-3.0,worse
The Ape Woman,4,The Jungle Captive,1945,4,2.93,2.9,0.03,1.0,better
The Apu Trilogy,1,Pather Panchali,1955,3,4.29,4.27,0.02,0.0,better
The Apu Trilogy,2,Aparajito,1956,3,4.2,4.27,-0.07,-2.0,worse
The Apu Trilogy,3,Apur Sansar,1959,3,4.31,4.27,0.04,1.0,better
The August Underground,1,August Underground,2001,3,2.14,2.17,-0.03,-1.0,worse
The August Underground,2,August Underground's Mordum,2003,3,2.07,2.17,-0.1,-5.0,worse
The August Underground,3,August Underground's Penance,2007,3,2.29,2.17,0.12,6.0,better
The Avengers,1,The Avengers,2012,4,3.63,3.62,0.0,0.0,equal
The Avengers,2,Avengers: Age of Ultron,2015,4,3.07,3.62,-0.56,-15.0,worse
The Avengers,3,Avengers: Infinity War,2018,4,3.95,3.62,0.33,9.0,better
The Avengers,4,Avengers: Endgame,2019,4,3.85,3.62,0.23,6.0,better
The Bad News Bears,1,The Bad News Bears,1976,3,3.63,2.96,0.67,23.0,better
The Bad News Bears,2,The Bad News Bears in Breaking Training,1977,3,2.9,2.96,-0.06,-2.0,worse
The Bad News Bears,3,The Bad News Bears Go to Japan,1978,3,2.35,2.96,-0.61,-21.0,worse
The Barrytown Trilogy,1,The Commitments,1991,3,3.77,3.56,0.21,6.0,better
The Barrytown Trilogy,2,The Snapper,1993,3,3.55,3.56,-0.01,-0.0,worse
The Barrytown Trilogy,3,The Van,1996,3,3.35,3.56,-0.21,-6.0,worse
The Beastmaster,1,The Beastmaster,1982,3,3.02,2.79,0.23,8.0,better
The Beastmaster,2,Beastmaster 2: Through the Portal of Time,1991,3,2.66,2.79,-0.13,-5.0,worse
The Beastmaster,3,Beastmaster III: The Eye of Braxus,1996,3,2.7,2.79,-0.09,-3.0,worse
The Best Movie,1,The Best Movie,2008,3,2.52,2.56,-0.04,-2.0,worse
The Best Movie,2,The Best Movie 2,2009,3,2.55,2.56,-0.01,-0.0,worse
The Best Movie,3,The Best Movie 3-DE,2011,3,2.61,2.56,0.05,2.0,better
The Big Bottom Box,1,Bottom Live The Stage Show,1993,5,3.69,3.55,0.14,4.0,better
The Big Bottom Box,2,Bottom Live The Big Number 2 Tour,1995,5,3.62,3.55,0.07,2.0,better
The Big Bottom Box,3,Bottom Live 3: Hooligan's Island,1997,5,3.56,3.55,0.01,0.0,better
The Big Bottom Box,4,Bottom Live 2001 An Arse Oddity,2001,5,3.44,3.55,-0.11,-3.0,worse
The Big Bottom Box,5,Bottom Live 2003: Weapons Grade Y-Fronts Tour,2003,5,3.46,3.55,-0.09,-3.0,worse
The Bill Douglas Trilogy,1,My Childhood,1972,3,3.88,3.83,0.05,1.0,better
The Bill Douglas Trilogy,2,My Ain Folk,1973,3,3.83,3.83,-0.0,-0.0,equal
The Bill Douglas Trilogy,3,My Way Home,1978,3,3.79,3.83,-0.04,-1.0,worse
The Black Stallion,1,The Black Stallion,1979,3,3.66,3.27,0.39,12.0,better
The Black Stallion,2,The Black Stallion Returns,1983,3,3.16,3.27,-0.11,-3.0,worse
The Black Stallion,3,Young Black Stallion,2003,3,3.0,3.27,-0.27,-8.0,worse
The Blackwell Ghost,1,The Blackwell Ghost,2017,3,2.96,3.13,-0.17,-5.0,worse
The Blackwell Ghost,2,The Blackwell Ghost 6,2022,3,3.21,3.13,0.08,3.0,better
The Blackwell Ghost,3,The Blackwell Ghost 7,2022,3,3.23,3.13,0.1,3.0,better
The Blind Dead,1,Tombs of the Blind Dead,1972,4,3.21,2.98,0.23,8.0,better
The Blind Dead,2,Attack of the Blind Dead,1973,4,3.1,2.98,0.12,4.0,better
The Blind Dead,3,The Ghost Galleon,1974,4,2.61,2.98,-0.37,-12.0,worse
The Blind Dead,4,Night of the Seagulls,1975,4,2.99,2.98,0.01,0.0,better
The Bloodthirsty Trilogy,1,The Vampire Doll,1970,3,3.36,3.28,0.08,2.0,better
The Bloodthirsty Trilogy,2,Lake of Dracula,1971,3,3.25,3.28,-0.03,-1.0,worse
The Bloodthirsty Trilogy,3,Evil of Dracula,1974,3,3.22,3.28,-0.06,-2.0,worse
The Bourne,1,The Bourne Identity,2002,5,3.71,3.33,0.38,11.0,better
The Bourne,2,The Bourne Supremacy,2004,5,3.58,3.33,0.25,8.0,better
The Bourne,3,The Bourne Ultimatum,2007,5,3.69,3.33,0.36,11.0,better
The Bourne,4,The Bourne Legacy,2012,5,2.78,3.33,-0.55,-17.0,worse
The Bourne,5,Jason Bourne,2016,5,2.88,3.33,-0.45,-14.0,worse
The Boys,1,The Boys,1997,5,3.36,3.24,0.12,4.0,better
The Boys,2,The Boys II,1998,5,3.3,3.24,0.06,2.0,better
The Boys,3,The Boys III,2001,5,3.19,3.24,-0.05,-2.0,worse
The Boys,4,The Boys IV,2005,5,3.06,3.24,-0.18,-6.0,worse
The Boys,5,When We Were Boys,2013,5,3.29,3.24,0.05,2.0,better
The Brady Bunch,1,The Brady Bunch Movie,1995,3,3.23,2.96,0.27,9.0,better
The Brady Bunch,2,A Very Brady Sequel,1996,3,3.04,2.96,0.08,3.0,better
The Brady Bunch,3,The Brady Bunch in the White House,2002,3,2.61,2.96,-0.35,-12.0,worse
The Brave Little Toaster,1,The Brave Little Toaster,1987,3,3.4,3.03,0.37,12.0,better
The Brave Little Toaster,2,The Brave Little Toaster to the Rescue,1997,3,2.89,3.03,-0.14,-5.0,worse
The Brave Little Toaster,3,The Brave Little Toaster Goes to Mars,1998,3,2.81,3.03,-0.22,-7.0,worse
The Broadway Melody,1,The Broadway Melody,1929,4,2.42,3.14,-0.72,-23.0,worse
The Broadway Melody,2,Broadway Melody of 1936,1935,4,3.32,3.14,0.18,6.0,better
The Broadway Melody,3,Broadway Melody of 1938,1937,4,3.28,3.14,0.14,4.0,better
The Broadway Melody,4,Broadway Melody of 1940,1940,4,3.53,3.14,0.39,12.0,better
The Butterfly Effect,1,The Butterfly Effect,2004,3,3.42,2.56,0.86,34.0,better
The Butterfly Effect,2,The Butterfly Effect 2,2006,3,1.94,2.56,-0.62,-24.0,worse
The Butterfly Effect,3,The Butterfly Effect 3: Revelations,2009,3,2.31,2.56,-0.25,-10.0,worse
The CBI film series,1,Oru CBI Diary Kurippu,1988,5,3.51,3.23,0.28,9.0,better
The CBI film series,2,Jagratha,1989,5,3.45,3.23,0.22,7.0,better
The CBI film series,3,Sethurama Iyer CBI,2004,5,3.34,3.23,0.11,3.0,better
The CBI film series,4,Nerariyan CBI,2005,5,3.18,3.23,-0.05,-2.0,worse
The CBI film series,5,CBI 5: The Brain,2022,5,2.66,3.23,-0.57,-18.0,worse
The Cave of the Golden Rose,1,The Cave of the Golden Rose,1991,5,3.42,3.32,0.1,3.0,better
The Cave of the Golden Rose,2,The Cave of the Golden Rose 2,1992,5,3.37,3.32,0.05,2.0,better
The Cave of the Golden Rose,3,The Cave of the Golden Rose 3,1993,5,3.36,3.32,0.04,1.0,better
The Cave of the Golden Rose,4,The Cave of the Golden Rose 4,1994,5,3.3,3.32,-0.02,-1.0,worse
The Cave of the Golden Rose,5,The Cave of the Golden Rose 5,1996,5,3.16,3.32,-0.16,-5.0,worse
The Cheetah Girls,1,The Cheetah Girls,2003,3,2.87,2.82,0.05,2.0,better
The Cheetah Girls,2,The Cheetah Girls 2,2006,3,3.05,2.82,0.23,8.0,better
The Cheetah Girls,3,The Cheetah Girls: One World,2008,3,2.54,2.82,-0.28,-10.0,worse
The Chronicles of Narnia BBC,1,"The Chronicles of Narnia: The Lion, the Witch & the Wardrobe",1988,3,3.21,3.21,-0.0,-0.0,equal
The Chronicles of Narnia BBC,2,The Chronicles of Narnia: Prince Caspian & The Voyage of the Dawn Treader,1989,3,3.14,3.21,-0.07,-2.0,worse
The Chronicles of Narnia BBC,3,The Chronicles of Narnia: The Silver Chair,1990,3,3.29,3.21,0.08,2.0,better
The Chronicles of Narnia,1,"The Chronicles of Narnia: The Lion, the Witch and the Wardrobe",2005,3,3.45,3.08,0.37,12.0,better
The Chronicles of Narnia,2,The Chronicles of Narnia: Prince Caspian,2008,3,2.99,3.08,-0.09,-3.0,worse
The Chronicles of Narnia,3,The Chronicles of Narnia: The Voyage of the Dawn Treader,2010,3,2.79,3.08,-0.29,-9.0,worse
The Chronicles of Riddick,1,Pitch Black,2000,3,3.28,2.98,0.3,10.0,better
The Chronicles of Riddick,2,The Chronicles of Riddick,2004,3,2.85,2.98,-0.13,-4.0,worse
The Chronicles of Riddick,3,Riddick,2013,3,2.8,2.98,-0.18,-6.0,worse
The Comics,1,The Comics,1990,3,3.09,2.98,0.11,4.0,better
The Comics,2,The Comics 2,1991,3,2.95,2.98,-0.03,-1.0,worse
The Comics,3,The New Comics,1994,3,2.91,2.98,-0.07,-2.0,worse
The Conjuring,1,The Conjuring,2013,3,3.55,3.2,0.35,11.0,better
The Conjuring,2,The Conjuring 2,2016,3,3.34,3.2,0.14,4.0,better
The Conjuring,3,The Conjuring: The Devil Made Me Do It,2021,3,2.71,3.2,-0.49,-15.0,worse
The Cremaster Cycle,1,Cremaster 4,1995,5,3.24,3.4,-0.16,-5.0,worse
The Cremaster Cycle,2,Cremaster 1,1996,5,3.2,3.4,-0.2,-6.0,worse
The Cremaster Cycle,3,Cremaster 5,1997,5,3.36,3.4,-0.04,-1.0,worse
The Cremaster Cycle,4,Cremaster 2,1999,5,3.51,3.4,0.11,3.0,better
The Cremaster Cycle,5,Cremaster 3,2002,5,3.68,3.4,0.28,8.0,better
The Crocodiles,1,The Crocodiles,2009,3,3.12,3.04,0.08,3.0,better
The Crocodiles,2,The Crocodiles Strike Back,2010,3,3.06,3.04,0.02,1.0,better
The Crocodiles,3,The Crocodiles: All for One,2011,3,2.94,3.04,-0.1,-3.0,worse
The Crow,1,The Crow,1994,4,3.7,2.53,1.17,46.0,better
The Crow,2,The Crow: City of Angels,1996,4,2.4,2.53,-0.13,-5.0,worse
The Crow,3,The Crow: Salvation,2000,4,2.29,2.53,-0.24,-9.0,worse
The Crow,4,The Crow: Wicked Prayer,2005,4,1.73,2.53,-0.8,-32.0,worse
The Curse (1987-1991),1,The Curse,1987,4,2.7,2.76,-0.06,-2.0,worse
The Curse (1987-1991),2,Catacombs,1988,4,2.75,2.76,-0.01,-0.0,worse
The Curse (1987-1991),3,Curse II: The Bite,1989,4,2.86,2.76,0.1,4.0,better
The Curse (1987-1991),4,Curse III: Blood Sacrifice,1991,4,2.74,2.76,-0.02,-1.0,worse
The Cutting Edge,1,The Cutting Edge,1992,4,3.27,3.03,0.24,8.0,better
The Cutting Edge,2,The Cutting Edge: Going for the Gold,2006,4,2.87,3.03,-0.16,-5.0,worse
The Cutting Edge,3,The Cutting Edge: Chasing the Dream,2008,4,2.95,3.03,-0.08,-3.0,worse
The Cutting Edge,4,The Cutting Edge: Fire & Ice,2010,4,3.02,3.03,-0.01,-0.0,worse
The Dark Knight,1,Batman Begins,2005,3,3.78,3.98,-0.2,-5.0,worse
The Dark Knight,2,The Dark Knight,2008,3,4.46,3.98,0.48,12.0,better
The Dark Knight,3,The Dark Knight Rises,2012,3,3.71,3.98,-0.27,-7.0,worse
The Decalogue,1,Decalogue I,1989,10,4.34,4.03,0.31,8.0,better
The Decalogue,2,Decalogue II,1989,10,3.83,4.03,-0.2,-5.0,worse
The Decalogue,3,Decalogue V,1989,10,4.29,4.03,0.26,6.0,better
The Decalogue,4,Decalogue III,1989,10,3.76,4.03,-0.27,-7.0,worse
The Decalogue,5,Decalogue IV,1989,10,4.05,4.03,0.02,0.0,better
The Decalogue,6,Decalogue VI,1989,10,4.28,4.03,0.25,6.0,better
The Decalogue,7,Decalogue VII,1989,10,3.87,4.03,-0.16,-4.0,worse
The Decalogue,8,Decalogue X,1989,10,4.16,4.03,0.13,3.0,better
The Decalogue,9,Decalogue IX,1989,10,4.01,4.03,-0.02,-0.0,worse
The Decalogue,10,Decalogue VIII,1989,10,3.75,4.03,-0.28,-7.0,worse
The Decline of the American Empire,1,The Decline of the American Empire,1986,3,3.48,3.49,-0.01,-0.0,worse
The Decline of the American Empire,2,The Barbarian Invasions,2003,3,3.66,3.49,0.17,5.0,better
The Decline of the American Empire,3,Days of Darkness,2007,3,3.34,3.49,-0.15,-4.0,worse
The Dirty Dozen,1,The Dirty Dozen,1967,4,3.79,3.18,0.61,19.0,better
The Dirty Dozen,2,The Dirty Dozen: Next Mission,1985,4,2.94,3.18,-0.24,-8.0,worse
The Dirty Dozen,3,The Dirty Dozen: The Deadly Mission,1987,4,3.01,3.18,-0.17,-5.0,worse
The Dirty Dozen,4,The Dirty Dozen: The Fatal Mission,1988,4,2.99,3.18,-0.19,-6.0,worse
The Disappearance Of Eleanor Rigby,1,The Disappearance of Eleanor Rigby: Her,2013,3,3.5,3.4,0.1,3.0,better
The Disappearance Of Eleanor Rigby,2,The Disappearance of Eleanor Rigby: Him,2013,3,3.44,3.4,0.04,1.0,better
The Disappearance Of Eleanor Rigby,3,The Disappearance of Eleanor Rigby: Them,2014,3,3.25,3.4,-0.15,-4.0,worse
The Doll,1,The Doll,2016,3,2.31,2.58,-0.27,-10.0,worse
The Doll,2,The Doll 2,2017,3,2.66,2.58,0.08,3.0,better
The Doll,3,The Doll 3,2022,3,2.78,2.58,0.2,8.0,better
The Equalizer,1,The Equalizer,2014,3,3.33,3.12,0.21,7.0,better
The Equalizer,2,The Equalizer 2,2018,3,2.98,3.12,-0.14,-4.0,worse
The Equalizer,3,The Equalizer 3,2023,3,3.05,3.12,-0.07,-2.0,worse
The Exorcist,1,The Exorcist,1973,6,4.0,2.69,1.31,49.0,better
The Exorcist,2,Exorcist II: The Heretic,1977,6,2.03,2.69,-0.66,-25.0,worse
The Exorcist,3,The Exorcist III,1990,6,3.54,2.69,0.85,32.0,better
The Exorcist,4,Exorcist: The Beginning,2004,6,2.14,2.69,-0.55,-20.0,worse
The Exorcist,5,Dominion: Prequel to The Exorcist,2005,6,2.36,2.69,-0.33,-12.0,worse
The Exorcist,6,The Exorcist: Believer,2023,6,2.06,2.69,-0.63,-23.0,worse
The Expendables,1,The Expendables,2010,4,2.69,2.42,0.27,11.0,better
The Expendables,2,The Expendables 2,2012,4,2.71,2.42,0.29,12.0,better
The Expendables,3,The Expendables 3,2014,4,2.39,2.42,-0.02,-1.0,worse
The Expendables,4,Expend4bles,2023,4,1.87,2.42,-0.54,-22.0,worse
The Eye,1,The Eye,2002,4,3.17,2.91,0.26,9.0,better
The Eye,2,The Eye 2,2004,4,2.93,2.91,0.02,1.0,better
The Eye,3,The Eye 3: Infinity,2005,4,2.76,2.91,-0.15,-5.0,worse
The Eye,4,The Child's Eye,2010,4,2.79,2.91,-0.12,-4.0,worse
The Falls,1,The Falls,2012,3,3.14,3.22,-0.08,-2.0,worse
The Falls,2,The Falls: Testament Of Love,2013,3,3.24,3.22,0.02,1.0,better
The Falls,3,The Falls: Covenant of Grace,2016,3,3.29,3.22,0.07,2.0,better
The Fast and the Furious,1,The Fast and the Furious,2001,10,3.27,2.92,0.35,12.0,better
The Fast and the Furious,2,2 Fast 2 Furious,2003,10,2.83,2.92,-0.09,-3.0,worse
The Fast and the Furious,3,The Fast and the Furious: Tokyo Drift,2006,10,3.01,2.92,0.09,3.0,better
The Fast and the Furious,4,Fast & Furious,2009,10,2.8,2.92,-0.12,-4.0,worse
The Fast and the Furious,5,Fast Five,2011,10,3.43,2.92,0.51,17.0,better
The Fast and the Furious,6,Fast & Furious 6,2013,10,3.04,2.92,0.12,4.0,better
The Fast and the Furious,7,Furious 7,2015,10,3.22,2.92,0.3,10.0,better
The Fast and the Furious,8,The Fate of the Furious,2017,10,2.71,2.92,-0.21,-7.0,worse
The Fast and the Furious,9,F9,2021,10,2.35,2.92,-0.57,-20.0,worse
The Fast and the Furious,10,Fast X,2023,10,2.52,2.92,-0.4,-14.0,worse
The Fear Footage,1,The Fear Footage,2018,3,2.82,2.99,-0.17,-6.0,worse
The Fear Footage,2,The Fear Footage 2: Curse of the Tape,2020,3,3.15,2.99,0.16,5.0,better
The Fear Footage,3,The Fear Footage 3AM,2021,3,2.99,2.99,0.0,0.0,equal
The Fly,1,The Fly,1958,3,3.48,2.91,0.57,20.0,better
The Fly,2,Return of the Fly,1959,3,2.81,2.91,-0.1,-3.0,worse
The Fly,3,Curse of the Fly,1965,3,2.44,2.91,-0.47,-16.0,worse
The Fontainhas,1,Ossos,1997,5,3.64,3.88,-0.24,-6.0,worse
The Fontainhas,2,In Vanda's Room,2000,5,4.02,3.88,0.14,4.0,better
The Fontainhas,3,Colossal Youth,2006,5,3.97,3.88,0.09,2.0,better
The Fontainhas,4,Horse Money,2014,5,3.92,3.88,0.04,1.0,better
The Fontainhas,5,Vitalina Varela,2019,5,3.84,3.88,-0.04,-1.0,worse
The Game trilogy,1,The Most Dangerous Game,1978,3,3.32,3.38,-0.06,-2.0,worse
The Game trilogy,2,The Killing Game,1978,3,3.34,3.38,-0.04,-1.0,worse
The Game trilogy,3,The Execution Game,1979,3,3.47,3.38,0.09,3.0,better
The Garden of Sinners -,1,The Garden of Sinners: Overlooking View,2007,7,3.48,3.59,-0.11,-3.0,worse
The Garden of Sinners -,2,The Garden of Sinners: A Study in Murder (Part 1),2007,7,3.53,3.59,-0.06,-2.0,worse
The Garden of Sinners -,3,The Garden of Sinners: Remaining Sense of Pain,2008,7,3.6,3.59,0.01,0.0,better
The Garden of Sinners -,4,The Garden of Sinners: The Hollow Shrine,2008,7,3.5,3.59,-0.09,-3.0,worse
The Garden of Sinners -,5,The Garden of Sinners: Paradox Spiral,2008,7,4.1,3.59,0.51,14.0,better
The Garden of Sinners -,6,The Garden of Sinners: Oblivion Recording,2008,7,3.04,3.59,-0.55,-15.0,worse
The Garden of Sinners -,7,The Garden of Sinners: A Study in Murder (Part 2),2009,7,3.88,3.59,0.29,8.0,better
The Gingerdead Man,1,The Gingerdead Man,2005,3,1.89,2.16,-0.27,-12.0,worse
The Gingerdead Man,2,Gingerdead Man 2: Passion of the Crust,2008,3,2.32,2.16,0.16,7.0,better
The Gingerdead Man,3,Gingerdead Man 3: Saturday Night Cleaver,2011,3,2.28,2.16,0.12,6.0,better
The Godfather,1,The Godfather,1972,3,4.56,4.19,0.37,9.0,better
The Godfather,2,The Godfather: Part II,1974,3,4.59,4.19,0.4,10.0,better
The Godfather,3,The Godfather: Part III,1990,3,3.43,4.19,-0.76,-18.0,worse
The Good Witch,1,The Good Witch,2008,7,3.16,3.17,-0.01,-0.0,worse
The Good Witch,2,The Good Witch's Garden,2009,7,3.21,3.17,0.04,1.0,better
The Good Witch,3,The Good Witch's Gift,2010,7,3.16,3.17,-0.01,-0.0,worse
The Good Witch,4,The Good Witch's Family,2011,7,3.16,3.17,-0.01,-0.0,worse
The Good Witch,5,The Good Witch's Charm,2012,7,3.17,3.17,-0.0,-0.0,equal
The Good Witch,6,The Good Witch's Destiny,2013,7,3.19,3.17,0.02,1.0,better
The Good Witch,7,The Good Witch's Wonder,2014,7,3.16,3.17,-0.01,-0.0,worse
The Grudge,1,The Grudge,2004,3,2.79,2.45,0.34,14.0,better
The Grudge,2,The Grudge 2,2006,3,2.44,2.45,-0.01,-0.0,worse
The Grudge,3,The Grudge 3,2009,3,2.12,2.45,-0.33,-13.0,worse
The Grump,1,The Grump,2014,3,3.27,3.31,-0.04,-1.0,worse
The Grump,2,"Happier Times, Grump",2018,3,3.39,3.31,0.08,2.0,better
The Grump,3,The Grump: In Search of an Escort,2022,3,3.27,3.31,-0.04,-1.0,worse
The Guidance Patrol,1,The Guidance Patrol,2012,3,2.18,2.05,0.13,6.0,better
The Guidance Patrol,2,The Guidance Patrol 2,2017,3,1.79,2.05,-0.26,-13.0,worse
The Guidance Patrol,3,The Guidance Patrol 3,2021,3,2.17,2.05,0.12,6.0,better
The Hangover,1,The Hangover,2009,3,3.55,2.96,0.59,20.0,better
The Hangover,2,The Hangover Part II,2011,3,2.82,2.96,-0.14,-5.0,worse
The Hangover,3,The Hangover Part III,2013,3,2.5,2.96,-0.46,-16.0,worse
The Hannibal Lecter,1,The Silence of the Lambs,1991,3,4.33,3.63,0.7,19.0,better
The Hannibal Lecter,2,Hannibal,2001,3,3.19,3.63,-0.44,-12.0,worse
The Hannibal Lecter,3,Red Dragon,2002,3,3.36,3.63,-0.27,-7.0,worse
The Hobbit,1,The Hobbit: An Unexpected Journey,2012,3,3.43,3.3,0.13,4.0,better
The Hobbit,2,The Hobbit: The Desolation of Smaug,2013,3,3.34,3.3,0.04,1.0,better
The Hobbit,3,The Hobbit: The Battle of the Five Armies,2014,3,3.12,3.3,-0.18,-5.0,worse
The Hood,1,Kidulthood,2006,3,3.28,3.06,0.22,7.0,better
The Hood,2,Adulthood,2008,3,3.1,3.06,0.04,1.0,better
The Hood,3,Brotherhood,2016,3,2.79,3.06,-0.27,-9.0,worse
The Houses of Doom,1,The Sweet House of Horrors,1989,4,2.82,3.01,-0.19,-6.0,worse
The Houses of Doom,2,The House of Lost Souls,1989,4,3.15,3.01,0.14,5.0,better
The Houses of Doom,3,The House of Witchcraft,1989,4,3.06,3.01,0.05,2.0,better
The Houses of Doom,4,The House of Clocks,1989,4,3.01,3.01,0.0,0.0,equal
The Howling,1,The Howling,1981,8,3.32,2.31,1.01,44.0,better
The Howling,2,Howling II: Stirba - Werewolf Bitch,1985,8,2.45,2.31,0.14,6.0,better
The Howling,3,Howling III: The Marsupials,1987,8,2.41,2.31,0.1,4.0,better
The Howling,4,Howling IV: The Original Nightmare,1988,8,1.89,2.31,-0.42,-18.0,worse
The Howling,5,Howling V: The Rebirth,1989,8,2.29,2.31,-0.02,-1.0,worse
The Howling,6,Howling VI: The Freaks,1991,8,2.32,2.31,0.01,0.0,better
The Howling,7,Howling: New Moon Rising,1995,8,1.67,2.31,-0.64,-28.0,worse
The Howling,8,The Howling: Reborn,2011,8,2.14,2.31,-0.17,-7.0,worse
The Human Centipede,1,The Human Centipede (First Sequence),2009,3,1.92,1.72,0.2,12.0,better
The Human Centipede,2,The Human Centipede 2 (Full Sequence),2011,3,1.8,1.72,0.08,5.0,better
The Human Centipede,3,The Human Centipede 3 (Final Sequence),2015,3,1.44,1.72,-0.28,-16.0,worse
The Human Condition,1,The Human Condition I: No Greater Love,1959,3,4.47,4.47,0.0,0.0,equal
The Human Condition,2,The Human Condition II: Road to Eternity,1959,3,4.39,4.47,-0.08,-2.0,worse
The Human Condition,3,The Human Condition III: A Soldier's Prayer,1961,3,4.54,4.47,0.07,2.0,better
The Hunger Games,1,The Hunger Games,2012,4,3.57,3.39,0.18,5.0,better
The Hunger Games,2,The Hunger Games: Catching Fire,2013,4,3.68,3.39,0.29,9.0,better
The Hunger Games,3,The Hunger Games: Mockingjay – Part 1,2014,4,3.13,3.39,-0.26,-8.0,worse
The Hunger Games,4,The Hunger Games: Mockingjay – Part 2,2015,4,3.19,3.39,-0.2,-6.0,worse
The Incredible Hulk (TV Movie),1,The Incredible Hulk,1977,6,3.05,2.91,0.14,5.0,better
The Incredible Hulk (TV Movie),2,The Return of the Incredible Hulk,1977,6,3.09,2.91,0.18,6.0,better
The Incredible Hulk (TV Movie),3,Bride of the Incredible Hulk,1978,6,3.14,2.91,0.23,8.0,better
The Incredible Hulk (TV Movie),4,The Incredible Hulk Returns,1988,6,2.68,2.91,-0.23,-8.0,worse
The Incredible Hulk (TV Movie),5,The Trial of the Incredible Hulk,1989,6,2.75,2.91,-0.16,-5.0,worse
The Incredible Hulk (TV Movie),6,The Death of the Incredible Hulk,1990,6,2.76,2.91,-0.15,-5.0,worse
The Invisible Man,1,The Invisible Man,1933,6,3.85,3.1,0.75,24.0,better
The Invisible Man,2,The Invisible Man Returns,1940,6,3.19,3.1,0.09,3.0,better
The Invisible Man,3,The Invisible Woman,1940,6,2.79,3.1,-0.31,-10.0,worse
The Invisible Man,4,Invisible Agent,1942,6,2.84,3.1,-0.26,-8.0,worse
The Invisible Man,5,The Invisible Man's Revenge,1944,6,2.74,3.1,-0.36,-12.0,worse
The Invisible Man,6,Abbott and Costello Meet the Invisible Man,1951,6,3.18,3.1,0.08,3.0,better
The Jack Ryan,1,The Hunt for Red October,1990,3,3.71,3.43,0.28,8.0,better
The Jack Ryan,2,Patriot Games,1992,3,3.25,3.43,-0.18,-5.0,worse
The Jack Ryan,3,Clear and Present Danger,1994,3,3.32,3.43,-0.11,-3.0,worse
The Karate Kid,1,The Karate Kid,1984,4,3.72,2.91,0.81,28.0,better
The Karate Kid,2,The Karate Kid Part II,1986,4,3.1,2.91,0.19,7.0,better
The Karate Kid,3,The Karate Kid Part III,1989,4,2.67,2.91,-0.24,-8.0,worse
The Karate Kid,4,The Next Karate Kid,1994,4,2.16,2.91,-0.75,-26.0,worse
The Kissing Booth,1,The Kissing Booth,2018,3,1.54,1.39,0.15,11.0,better
The Kissing Booth,2,The Kissing Booth 2,2020,3,1.41,1.39,0.02,1.0,better
The Kissing Booth,3,The Kissing Booth 3,2021,3,1.22,1.39,-0.17,-12.0,worse
The Kogel-Mogel,1,Kogel-mogel,1988,3,3.39,3.14,0.25,8.0,better
The Kogel-Mogel,2,"Galimatias, czyli kogel-mogel II",1989,3,3.3,3.14,0.16,5.0,better
The Kogel-Mogel,3,"Miszmasz, czyli kogel-mogel 3",2019,3,2.73,3.14,-0.41,-13.0,worse
The Koker Trilogy,1,Where Is the Friend's House?,1987,3,4.33,4.23,0.1,2.0,better
The Koker Trilogy,2,"Life, and Nothing More...",1992,3,4.22,4.23,-0.01,-0.0,worse
The Koker Trilogy,3,Through the Olive Trees,1994,3,4.13,4.23,-0.1,-2.0,worse
The Last Warrior (Collection),1,The Last Warrior,2017,3,3.03,2.97,0.06,2.0,better
The Last Warrior (Collection),2,The Last Warrior: Root of Evil,2021,3,3.0,2.97,0.03,1.0,better
The Last Warrior (Collection),3,The Last Warrior: A Messenger of Darkness,2021,3,2.89,2.97,-0.08,-3.0,worse
The Librarian,1,The Librarian: Quest for the Spear,2004,3,2.91,2.88,0.03,1.0,better
The Librarian,2,The Librarian: Return to King Solomon's Mines,2006,3,2.84,2.88,-0.04,-1.0,worse
The Librarian,3,The Librarian: The Curse of the Judas Chalice,2008,3,2.88,2.88,0.0,0.0,equal
The Lion King,1,The Lion King,1994,3,4.21,3.42,0.79,23.0,better
The Lion King,2,The Lion King II: Simba's Pride,1998,3,3.0,3.42,-0.42,-12.0,worse
The Lion King,3,The Lion King 1½,2004,3,3.05,3.42,-0.37,-11.0,worse
The Little Mermaid,1,The Little Mermaid,1989,3,3.66,3.0,0.66,22.0,better
The Little Mermaid,2,The Little Mermaid II: Return to the Sea,2000,3,2.55,3.0,-0.45,-15.0,worse
The Little Mermaid,3,The Little Mermaid: Ariel's Beginning,2008,3,2.79,3.0,-0.21,-7.0,worse
The Lord of the Rings,1,The Lord of the Rings: The Fellowship of the Ring,2001,3,4.36,4.41,-0.05,-1.0,worse
The Lord of the Rings,2,The Lord of the Rings: The Two Towers,2002,3,4.38,4.41,-0.03,-1.0,worse
The Lord of the Rings,3,The Lord of the Rings: The Return of the King,2003,3,4.48,4.41,0.07,2.0,better
The Magnificent Seven,1,The Magnificent Seven,1960,4,3.79,3.12,0.66,21.0,better
The Magnificent Seven,2,Return of the Seven,1966,4,2.8,3.12,-0.33,-11.0,worse
The Magnificent Seven,3,Guns of the Magnificent Seven,1969,4,3.01,3.12,-0.12,-4.0,worse
The Magnificent Seven,4,The Magnificent Seven Ride!,1972,4,2.9,3.12,-0.23,-7.0,worse
The Mangler,1,The Mangler,1995,3,2.64,2.5,0.14,6.0,better
The Mangler,2,The Mangler 2,2002,3,2.44,2.5,-0.06,-2.0,worse
The Mangler,3,The Mangler Reborn,2005,3,2.41,2.5,-0.09,-4.0,worse
The Marine,1,The Marine,2006,6,2.29,2.55,-0.26,-10.0,worse
The Marine,2,The Marine 2,2009,6,2.37,2.55,-0.18,-7.0,worse
The Marine,3,The Marine 3: Homefront,2013,6,2.5,2.55,-0.05,-2.0,worse
The Marine,4,The Marine 4: Moving Target,2015,6,2.59,2.55,0.04,2.0,better
The Marine,5,The Marine 5: Battleground,2017,6,2.74,2.55,0.19,7.0,better
The Marine,6,The Marine 6: Close Quarters,2018,6,2.81,2.55,0.26,10.0,better
The Matrix,1,The Matrix,1999,4,4.16,3.31,0.85,26.0,better
The Matrix,2,The Matrix Reloaded,2003,4,3.32,3.31,0.01,0.0,better
The Matrix,3,The Matrix Revolutions,2003,4,3.01,3.31,-0.3,-9.0,worse
The Matrix,4,The Matrix Resurrections,2021,4,2.76,3.31,-0.55,-17.0,worse
The Maze Runner,1,The Maze Runner,2014,3,3.24,3.04,0.2,7.0,better
The Maze Runner,2,Maze Runner: The Scorch Trials,2015,3,2.86,3.04,-0.18,-6.0,worse
The Maze Runner,3,Maze Runner: The Death Cure,2018,3,3.02,3.04,-0.02,-1.0,worse
The Mighty Ducks,1,The Mighty Ducks,1992,3,3.25,3.01,0.24,8.0,better
The Mighty Ducks,2,D2: The Mighty Ducks,1994,3,3.05,3.01,0.04,1.0,better
The Mighty Ducks,3,D3: The Mighty Ducks,1996,3,2.74,3.01,-0.27,-9.0,worse
The Migration Trilogy,1,The Bride,1973,3,3.61,3.5,0.11,3.0,better
The Migration Trilogy,2,The Wedding,1973,3,3.45,3.5,-0.05,-1.0,worse
The Migration Trilogy,3,Blood Money,1974,3,3.44,3.5,-0.06,-2.0,worse
The Millennium,1,The Girl with the Dragon Tattoo,2009,3,3.8,3.59,0.21,6.0,better
The Millennium,2,The Girl Who Played with Fire,2009,3,3.47,3.59,-0.12,-3.0,worse
The Millennium,3,The Girl Who Kicked the Hornet's Nest,2009,3,3.5,3.59,-0.09,-3.0,worse
The Mistletoe,1,The Mistletoe Promise,2016,3,2.86,2.96,-0.1,-3.0,worse
The Mistletoe,2,The Mistletoe Inn,2017,3,2.98,2.96,0.02,1.0,better
The Mistletoe,3,The Mistletoe Secret,2019,3,3.03,2.96,0.07,2.0,better
The Mole Song,1,The Mole Song: Undercover Agent Reiji,2013,3,3.35,3.34,0.01,0.0,better
The Mole Song,2,The Mole Song: Hong Kong Capriccio,2016,3,3.34,3.34,-0.0,-0.0,equal
The Mole Song,3,The Mole Song: FINAL,2021,3,3.34,3.34,-0.0,-0.0,equal
The Monkey King,1,The Monkey King,2014,3,2.42,2.81,-0.39,-14.0,worse
The Monkey King,2,The Monkey King 2,2016,3,3.03,2.81,0.22,8.0,better
The Monkey King,3,The Monkey King 3,2018,3,2.99,2.81,0.18,6.0,better
The Mummy (Hammer),1,The Mummy,1959,4,3.24,2.93,0.31,11.0,better
The Mummy (Hammer),2,The Curse of the Mummy's Tomb,1964,4,2.78,2.93,-0.15,-5.0,worse
The Mummy (Hammer),3,The Mummy's Shroud,1967,4,2.8,2.93,-0.13,-4.0,worse
The Mummy (Hammer),4,Blood from the Mummy's Tomb,1971,4,2.9,2.93,-0.03,-1.0,worse
The Mummy (Universal),1,The Mummy,1932,5,3.28,2.77,0.51,18.0,better
The Mummy (Universal),2,The Mummy's Hand,1940,5,2.84,2.77,0.07,3.0,better
The Mummy (Universal),3,The Mummy's Tomb,1942,5,2.6,2.77,-0.17,-6.0,worse
The Mummy (Universal),4,The Mummy's Ghost,1944,5,2.6,2.77,-0.17,-6.0,worse
The Mummy (Universal),5,The Mummy's Curse,1944,5,2.51,2.77,-0.26,-9.0,worse
The Mummy,1,The Mummy,1999,3,3.49,2.85,0.64,22.0,better
The Mummy,2,The Mummy Returns,2001,3,2.93,2.85,0.08,3.0,better
The Mummy,3,The Mummy: Tomb of the Dragon Emperor,2008,3,2.14,2.85,-0.71,-25.0,worse
The Musketeers,1,The Three Musketeers,1973,3,3.43,3.28,0.15,5.0,better
The Musketeers,2,The Four Musketeers,1974,3,3.37,3.28,0.09,3.0,better
The Musketeers,3,The Return of the Musketeers,1989,3,3.04,3.28,-0.24,-7.0,worse
The Mysterians,1,The Mysterians,1957,3,3.1,3.05,0.05,2.0,better
The Mysterians,2,Battle in Outer Space,1959,3,2.98,3.05,-0.07,-2.0,worse
The Mysterians,3,The War in Space,1977,3,3.07,3.05,0.02,1.0,better
The National Shotgun,1,The National Shotgun,1978,3,3.61,3.51,0.1,3.0,better
The National Shotgun,2,National Heritage,1981,3,3.5,3.51,-0.01,-0.0,worse
The National Shotgun,3,National III,1982,3,3.42,3.51,-0.09,-3.0,worse
The Neverending Story,1,The NeverEnding Story,1984,3,3.53,2.71,0.82,30.0,better
The Neverending Story,2,The NeverEnding Story II: The Next Chapter,1990,3,2.63,2.71,-0.08,-3.0,worse
The Neverending Story,3,The NeverEnding Story III,1994,3,1.96,2.71,-0.75,-28.0,worse
The Ninja Trilogy,1,Enter the Ninja,1981,3,2.82,3.03,-0.21,-7.0,worse
The Ninja Trilogy,2,Revenge of the Ninja,1983,3,3.17,3.03,0.14,5.0,better
The Ninja Trilogy,3,Ninja III: The Domination,1984,3,3.1,3.03,0.07,2.0,better
The Omen,1,The Omen,1976,4,3.64,2.81,0.83,30.0,better
The Omen,2,Damien: Omen II,1978,4,2.96,2.81,0.15,5.0,better
The Omen,3,Omen III: The Final Conflict,1981,4,2.64,2.81,-0.17,-6.0,worse
The Omen,4,Omen IV: The Awakening,1991,4,1.99,2.81,-0.82,-29.0,worse
The One-Armed Swordsman,1,The One-Armed Swordsman,1967,4,3.68,3.55,0.13,4.0,better
The One-Armed Swordsman,2,Return of the One-Armed Swordsman,1969,4,3.54,3.55,-0.01,-0.0,worse
The One-Armed Swordsman,3,The New One-Armed Swordsman,1971,4,3.65,3.55,0.1,3.0,better
The One-Armed Swordsman,4,The One Armed Swordsmen,1976,4,3.34,3.55,-0.21,-6.0,worse
The Orphic Trilogy,1,The Blood of a Poet,1932,3,3.81,3.91,-0.1,-3.0,worse
The Orphic Trilogy,2,Orpheus,1950,3,4.06,3.91,0.15,4.0,better
The Orphic Trilogy,3,Testament of Orpheus,1960,3,3.86,3.91,-0.05,-1.0,worse
The Outlaws,1,The Outlaws,2017,3,3.51,3.38,0.13,4.0,better
The Outlaws,2,The Roundup,2022,3,3.4,3.38,0.02,1.0,better
The Outlaws,3,The Roundup: No Way Out,2023,3,3.22,3.38,-0.16,-5.0,worse
The Pasta Detectives,1,The Pasta Detectives,2014,3,3.22,3.17,0.05,2.0,better
The Pasta Detectives,2,The Pasta Detectives 2,2015,3,3.15,3.17,-0.02,-1.0,worse
The Pasta Detectives,3,The Pasta Detectives 3,2016,3,3.13,3.17,-0.04,-1.0,worse
The Paul Dédalus,1,My Sex Life... or How I Got Into an Argument,1996,3,3.8,3.69,0.11,3.0,better
The Paul Dédalus,2,A Christmas Tale,2008,3,3.67,3.69,-0.02,-1.0,worse
The Paul Dédalus,3,My Golden Days,2015,3,3.6,3.69,-0.09,-2.0,worse
The Pink Panther (Original),1,The Pink Panther,1963,9,3.43,2.96,0.47,16.0,better
The Pink Panther (Original),2,A Shot in the Dark,1964,9,3.66,2.96,0.7,24.0,better
The Pink Panther (Original),3,Inspector Clouseau,1968,9,2.65,2.96,-0.31,-10.0,worse
The Pink Panther (Original),4,The Return of the Pink Panther,1975,9,3.44,2.96,0.48,16.0,better
The Pink Panther (Original),5,The Pink Panther Strikes Again,1976,9,3.5,2.96,0.54,18.0,better
The Pink Panther (Original),6,Revenge of the Pink Panther,1978,9,3.18,2.96,0.22,7.0,better
The Pink Panther (Original),7,Trail of the Pink Panther,1982,9,2.5,2.96,-0.46,-16.0,worse
The Pink Panther (Original),8,Curse of the Pink Panther,1983,9,2.2,2.96,-0.76,-26.0,worse
The Pink Panther (Original),9,Son of the Pink Panther,1993,9,2.06,2.96,-0.9,-30.0,worse
The Prince & Me,1,The Prince & Me,2004,4,2.71,2.67,0.04,1.0,better
The Prince & Me,2,The Prince & Me 2: The Royal Wedding,2006,4,2.38,2.67,-0.29,-11.0,worse
The Prince & Me,3,The Prince & Me: A Royal Honeymoon,2008,4,2.76,2.67,0.09,3.0,better
The Prince & Me,4,The Prince & Me 4: The Elephant Adventure,2010,4,2.84,2.67,0.17,6.0,better
The Princess Switch,1,The Princess Switch,2018,3,2.33,2.22,0.11,5.0,better
The Princess Switch,2,The Princess Switch: Switched Again,2020,3,2.13,2.22,-0.09,-4.0,worse
The Princess Switch,3,The Princess Switch 3: Romancing the Star,2021,3,2.2,2.22,-0.02,-1.0,worse
The Property Trilogy,1,Revenge of the Snakes,1962,3,3.58,3.64,-0.06,-2.0,worse
The Property Trilogy,2,Dry Summer,1963,3,3.78,3.64,0.14,4.0,better
The Property Trilogy,3,The Well,1968,3,3.56,3.64,-0.08,-2.0,worse
The Prophecy,1,The Prophecy,1995,5,3.02,2.69,0.33,12.0,better
The Prophecy,2,The Prophecy II,1998,5,2.7,2.69,0.01,0.0,better
The Prophecy,3,The Prophecy 3: The Ascent,2000,5,2.5,2.69,-0.19,-7.0,worse
The Prophecy,4,The Prophecy: Uprising,2005,5,2.65,2.69,-0.04,-1.0,worse
The Prophecy,5,The Prophecy: Forsaken,2005,5,2.6,2.69,-0.09,-3.0,worse
The Purge,1,The Purge,2013,5,2.66,2.56,0.1,4.0,better
The Purge,2,The Purge: Anarchy,2014,5,2.82,2.56,0.26,10.0,better
The Purge,3,The Purge: Election Year,2016,5,2.61,2.56,0.05,2.0,better
The Purge,4,The First Purge,2018,5,2.43,2.56,-0.13,-5.0,worse
The Purge,5,The Forever Purge,2021,5,2.28,2.56,-0.28,-11.0,worse
The Ranown Cycle Westerns,1,7 Men from Now,1956,7,3.76,3.59,0.17,5.0,better
The Ranown Cycle Westerns,2,The Tall T,1957,7,3.77,3.59,0.18,5.0,better
The Ranown Cycle Westerns,3,Decision at Sundown,1957,7,3.49,3.59,-0.1,-3.0,worse
The Ranown Cycle Westerns,4,Buchanan Rides Alone,1958,7,3.51,3.59,-0.08,-2.0,worse
The Ranown Cycle Westerns,5,Ride Lonesome,1959,7,3.7,3.59,0.11,3.0,better
The Ranown Cycle Westerns,6,Westbound,1959,7,3.29,3.59,-0.3,-8.0,worse
The Ranown Cycle Westerns,7,Comanche Station,1960,7,3.63,3.59,0.04,1.0,better
The Reunion,1,The Reunion,2011,3,3.03,2.99,0.04,1.0,better
The Reunion,2,The Reunion 2: The Funeral,2014,3,3.04,2.99,0.05,2.0,better
The Reunion,3,The Reunion 3: Baptism,2016,3,2.9,2.99,-0.09,-3.0,worse
The Ring,1,The Ring,2002,3,3.31,2.47,0.84,34.0,better
The Ring,2,The Ring Two,2005,3,2.39,2.47,-0.08,-3.0,worse
The Ring,3,Rings,2017,3,1.71,2.47,-0.76,-31.0,worse
The Robert Langdon,1,The Da Vinci Code,2006,3,3.05,2.88,0.17,6.0,better
The Robert Langdon,2,Angels & Demons,2009,3,3.02,2.88,0.14,5.0,better
The Robert Langdon,3,Inferno,2016,3,2.56,2.88,-0.32,-11.0,worse
The Sabata,1,Sabata,1969,3,3.41,3.2,0.21,7.0,better
The Sabata,2,"Adiós, Sabata",1970,3,3.13,3.2,-0.07,-2.0,worse
The Sabata,3,Return of Sabata,1971,3,3.06,3.2,-0.14,-4.0,worse
The Sandlot,1,The Sandlot,1993,3,3.7,2.71,0.99,37.0,better
The Sandlot,2,The Sandlot 2,2005,3,2.3,2.71,-0.41,-15.0,worse
The Sandlot,3,The Sandlot: Heading Home,2007,3,2.12,2.71,-0.59,-22.0,worse
The Santa Clause,1,The Santa Clause,1994,3,3.09,2.63,0.46,17.0,better
The Santa Clause,2,The Santa Clause 2,2002,3,2.65,2.63,0.02,1.0,better
The Santa Clause,3,The Santa Clause 3: The Escape Clause,2006,3,2.15,2.63,-0.48,-18.0,worse
The Scorpion King,1,The Scorpion King,2002,5,2.19,2.03,0.16,8.0,better
The Scorpion King,2,The Scorpion King 2: Rise of a Warrior,2008,5,1.78,2.03,-0.25,-12.0,worse
The Scorpion King,3,The Scorpion King 3: Battle for Redemption,2012,5,1.81,2.03,-0.22,-11.0,worse
The Scorpion King,4,The Scorpion King 4: Quest for Power,2015,5,2.11,2.03,0.08,4.0,better
The Scorpion King,5,The Scorpion King: Book of Souls,2018,5,2.26,2.03,0.23,11.0,better
The Seven Deadly Sins,1,The Seven Deadly Sins: Prisoners of the Sky,2018,4,2.9,2.92,-0.02,-1.0,worse
The Seven Deadly Sins,2,The Seven Deadly Sins: Cursed by Light,2021,4,2.91,2.92,-0.01,-0.0,worse
The Seven Deadly Sins,3,The Seven Deadly Sins: Grudge of Edinburgh Part 1,2022,4,2.83,2.92,-0.09,-3.0,worse
The Seven Deadly Sins,4,The Seven Deadly Sins: Grudge of Edinburgh Part 2,2023,4,3.03,2.92,0.11,4.0,better
The Sinbad,1,The 7th Voyage of Sinbad,1958,3,3.51,3.35,0.16,5.0,better
The Sinbad,2,The Golden Voyage of Sinbad,1973,3,3.39,3.35,0.04,1.0,better
The Sinbad,3,Sinbad and the Eye of the Tiger,1977,3,3.15,3.35,-0.2,-6.0,worse
The Skulls,1,The Skulls,2000,3,2.58,2.67,-0.09,-3.0,worse
The Skulls,2,The Skulls II,2002,3,2.67,2.67,-0.0,-0.0,equal
The Skulls,3,The Skulls III,2004,3,2.77,2.67,0.1,4.0,better
The Slumber Party Massacre,1,The Slumber Party Massacre,1982,3,3.02,2.8,0.22,8.0,better
The Slumber Party Massacre,2,Slumber Party Massacre II,1987,3,2.94,2.8,0.14,5.0,better
The Slumber Party Massacre,3,Slumber Party Massacre III,1990,3,2.44,2.8,-0.36,-13.0,worse
The Sorority House Massacre,1,Sorority House Massacre,1986,3,2.46,2.7,-0.24,-9.0,worse
The Sorority House Massacre,2,Sorority House Massacre II,1990,3,2.73,2.7,0.03,1.0,better
The Sorority House Massacre,3,Hard to Die,1990,3,2.91,2.7,0.21,8.0,better
The Souvenir,1,The Souvenir,2019,3,3.48,3.57,-0.09,-3.0,worse
The Souvenir,2,The Souvenir: Part II,2021,3,3.89,3.57,0.32,9.0,better
The Souvenir,3,The Eternal Daughter,2022,3,3.33,3.57,-0.24,-7.0,worse
The Stepfather,1,The Stepfather,1987,3,3.34,2.85,0.49,17.0,better
The Stepfather,2,Stepfather 2,1989,3,2.83,2.85,-0.02,-1.0,worse
The Stepfather,3,Stepfather 3,1992,3,2.37,2.85,-0.48,-17.0,worse
The Street Fighter,1,The Street Fighter,1974,3,3.58,3.29,0.29,9.0,better
The Street Fighter,2,Return of the Street Fighter,1974,3,3.24,3.29,-0.05,-2.0,worse
The Street Fighter,3,The Street Fighter's Last Revenge,1974,3,3.06,3.29,-0.23,-7.0,worse
The Substitute,1,The Substitute,1996,4,2.86,2.87,-0.01,-0.0,worse
The Substitute,2,The Substitute 2: School's Out,1998,4,2.79,2.87,-0.08,-3.0,worse
The Substitute,3,The Substitute 3: Winner Takes All,1999,4,2.88,2.87,0.01,0.0,better
The Substitute,4,The Substitute: Failure Is Not an Option,2001,4,2.96,2.87,0.09,3.0,better
The Tag-Along,1,The Tag-Along,2015,3,2.76,2.93,-0.17,-6.0,worse
The Tag-Along,2,The Tag-Along 2,2017,3,3.02,2.93,0.09,3.0,better
The Tag-Along,3,The Tag-Along: Devil Fish,2018,3,3.01,2.93,0.08,3.0,better
The Terminator,1,The Terminator,1984,6,3.89,3.02,0.87,29.0,better
The Terminator,2,Terminator 2: Judgment Day,1991,6,4.27,3.02,1.25,41.0,better
The Terminator,3,Terminator 3: Rise of the Machines,2003,6,2.64,3.02,-0.38,-13.0,worse
The Terminator,4,Terminator Salvation,2009,6,2.53,3.02,-0.49,-16.0,worse
The Terminator,5,Terminator Genisys,2015,6,2.19,3.02,-0.83,-27.0,worse
The Terminator,6,Terminator: Dark Fate,2019,6,2.62,3.02,-0.4,-13.0,worse
The Terrorism Trilogy,1,Roja,1992,3,3.5,3.66,-0.16,-4.0,worse
The Terrorism Trilogy,2,Bombay,1995,3,3.86,3.66,0.2,5.0,better
The Terrorism Trilogy,3,Dil Se..,1998,3,3.62,3.66,-0.04,-1.0,worse
The Thin Man,1,The Thin Man,1934,6,3.94,3.57,0.37,10.0,better
The Thin Man,2,After the Thin Man,1936,6,3.74,3.57,0.17,5.0,better
The Thin Man,3,Another Thin Man,1939,6,3.52,3.57,-0.05,-1.0,worse
The Thin Man,4,Shadow of the Thin Man,1941,6,3.43,3.57,-0.14,-4.0,worse
The Thin Man,5,The Thin Man Goes Home,1944,6,3.47,3.57,-0.1,-3.0,worse
The Thin Man,6,Song of the Thin Man,1947,6,3.3,3.57,-0.27,-8.0,worse
The Three Mothers,1,Suspiria,1977,3,3.95,3.27,0.68,21.0,better
The Three Mothers,2,Inferno,1980,3,3.46,3.27,0.19,6.0,better
The Three Mothers,3,The Mother of Tears,2007,3,2.41,3.27,-0.86,-26.0,worse
The Toxic Avenger,1,The Toxic Avenger,1984,4,3.32,2.9,0.42,14.0,better
The Toxic Avenger,2,The Toxic Avenger Part II,1989,4,2.76,2.9,-0.14,-5.0,worse
The Toxic Avenger,3,The Toxic Avenger Part III: The Last Temptation of Toxie,1989,4,2.5,2.9,-0.4,-14.0,worse
The Toxic Avenger,4,Citizen Toxie: The Toxic Avenger IV,2000,4,3.01,2.9,0.11,4.0,better
The Transporter,1,The Transporter,2002,3,3.06,2.77,0.29,10.0,better
The Transporter,2,Transporter 2,2005,3,2.73,2.77,-0.04,-1.0,worse
The Transporter,3,Transporter 3,2008,3,2.52,2.77,-0.25,-9.0,worse
The Trip,1,The Trip,2010,4,3.65,3.57,0.08,2.0,better
The Trip,2,The Trip to Italy,2014,4,3.57,3.57,-0.0,-0.0,equal
The Trip,3,The Trip to Spain,2017,4,3.54,3.57,-0.03,-1.0,worse
The Trip,4,The Trip to Greece,2020,4,3.53,3.57,-0.04,-1.0,worse
The Trolls,1,Trolls,2016,3,2.59,2.75,-0.16,-6.0,worse
The Trolls,2,Trolls World Tour,2020,3,2.68,2.75,-0.07,-3.0,worse
The Trolls,3,Trolls Band Together,2023,3,2.98,2.75,0.23,8.0,better
The Tuche Family,1,The Tuche Family,2011,4,2.93,2.8,0.13,5.0,better
The Tuche Family,2,The Tuche Family: The American Dream,2016,4,2.78,2.8,-0.02,-1.0,worse
The Tuche Family,3,Les Tuche 3,2018,4,2.72,2.8,-0.08,-3.0,worse
The Tuche Family,4,Christmas with the Tuches,2021,4,2.76,2.8,-0.04,-1.0,worse
The Twilight,1,Twilight,2008,5,2.85,2.61,0.24,9.0,better
The Twilight,2,The Twilight Saga: New Moon,2009,5,2.51,2.61,-0.1,-4.0,worse
The Twilight,3,The Twilight Saga: Eclipse,2010,5,2.51,2.61,-0.1,-4.0,worse
The Twilight,4,The Twilight Saga: Breaking Dawn – Part 1,2011,5,2.49,2.61,-0.12,-5.0,worse
The Twilight,5,The Twilight Saga: Breaking Dawn – Part 2,2012,5,2.71,2.61,0.1,4.0,better
The Visitors,1,The Visitors,1993,3,3.39,2.87,0.52,18.0,better
The Visitors,2,The Visitors II: The Corridors of Time,1998,3,2.93,2.87,0.06,2.0,better
The Visitors,3,The Visitors: Bastille Day,2016,3,2.29,2.87,-0.58,-20.0,worse
The Water Margin,1,The Water Margin,1972,3,3.38,3.4,-0.02,-1.0,worse
The Water Margin,2,The Delightful Forest,1972,3,3.43,3.4,0.03,1.0,better
The Water Margin,3,All Men Are Brothers,1975,3,3.4,3.4,-0.0,-0.0,equal
The Wedding Veil,1,The Wedding Veil,2022,6,3.1,3.18,-0.08,-3.0,worse
The Wedding Veil,2,The Wedding Veil Unveiled,2022,6,3.2,3.18,0.02,1.0,better
The Wedding Veil,3,The Wedding Veil Legacy,2022,6,3.16,3.18,-0.02,-1.0,worse
The Wedding Veil,4,The Wedding Veil Expectations,2023,6,3.12,3.18,-0.06,-2.0,worse
The Wedding Veil,5,The Wedding Veil Inspiration,2023,6,3.21,3.18,0.03,1.0,better
The Wedding Veil,6,The Wedding Veil Journey,2023,6,3.26,3.18,0.08,3.0,better
The White Storm,1,The White Storm,2013,3,3.29,3.15,0.14,4.0,better
The White Storm,2,The White Storm 2: Drug Lords,2019,3,3.02,3.15,-0.13,-4.0,worse
The White Storm,3,The White Storm 3: Heaven or Hell,2023,3,3.13,3.15,-0.02,-1.0,worse
The Wild Soccer Bunch,1,The Wild Soccer Bunch,2003,6,3.04,2.69,0.35,13.0,better
The Wild Soccer Bunch,2,The Wild Soccer Bunch 2,2005,6,2.83,2.69,0.14,5.0,better
The Wild Soccer Bunch,3,The Wild Soccer Bunch 3,2006,6,2.77,2.69,0.08,3.0,better
The Wild Soccer Bunch,4,The Wild Soccer Bunch 4,2007,6,2.57,2.69,-0.12,-4.0,worse
The Wild Soccer Bunch,5,The Wild Soccer Bunch 5,2008,6,2.53,2.69,-0.16,-6.0,worse
The Wild Soccer Bunch,6,The Wild Soccer Bunch 6,2016,6,2.42,2.69,-0.27,-10.0,worse
The Wog Boy,1,The Wog Boy,2000,3,3.22,3.04,0.18,6.0,better
The Wog Boy,2,Wog Boy 2: The Kings of Mykonos,2010,3,2.89,3.04,-0.15,-5.0,worse
The Wog Boy,3,Wog Boys Forever,2022,3,3.0,3.04,-0.04,-1.0,worse
The Wolverine,1,X-Men Origins: Wolverine,2009,3,2.3,3.11,-0.81,-26.0,worse
The Wolverine,2,The Wolverine,2013,3,2.94,3.11,-0.17,-5.0,worse
The Wolverine,3,Logan,2017,3,4.1,3.11,0.99,32.0,better
The Worricker,1,Page Eight,2011,3,3.22,3.2,0.02,1.0,better
The Worricker,2,Turks & Caicos,2014,3,3.12,3.2,-0.08,-2.0,worse
The Worricker,3,Salting the Battlefield,2014,3,3.26,3.2,0.06,2.0,better
The Yakuza Papers,1,Battles Without Honor and Humanity,1973,5,3.79,3.74,0.05,1.0,better
The Yakuza Papers,2,Battles Without Honor and Humanity: Deadly Fight in Hiroshima,1973,5,3.78,3.74,0.04,1.0,better
The Yakuza Papers,3,Battles Without Honor and Humanity: Proxy War,1973,5,3.67,3.74,-0.07,-2.0,worse
The Yakuza Papers,4,Battles Without Honor and Humanity: Police Tactics,1974,5,3.72,3.74,-0.02,-1.0,worse
The Yakuza Papers,5,Battles Without Honor and Humanity: Final Episode,1974,5,3.76,3.74,0.02,1.0,better
The Yusuf Trilogy,1,Egg,2007,3,3.56,3.6,-0.04,-1.0,worse
The Yusuf Trilogy,2,Milk,2008,3,3.5,3.6,-0.1,-3.0,worse
The Yusuf Trilogy,3,Honey,2010,3,3.74,3.6,0.14,4.0,better
Thor,1,Thor,2011,4,2.77,2.82,-0.05,-2.0,worse
Thor,2,Thor: The Dark World,2013,4,2.22,2.82,-0.6,-21.0,worse
Thor,3,Thor: Ragnarok,2017,4,3.75,2.82,0.93,33.0,better
Thor,4,Thor: Love and Thunder,2022,4,2.55,2.82,-0.27,-10.0,worse
Three Colors,1,Three Colours: Blue,1993,3,4.17,4.11,0.06,1.0,better
Three Colors,2,Three Colours: White,1994,3,3.81,4.11,-0.3,-7.0,worse
Three Colors,3,Three Colours: Red,1994,3,4.34,4.11,0.23,6.0,better
Tiger Cage,1,Tiger Cage,1988,3,3.58,3.41,0.17,5.0,better
Tiger Cage,2,Tiger Cage II,1990,3,3.53,3.41,0.12,4.0,better
Tiger Cage,3,Tiger Cage III,1991,3,3.11,3.41,-0.3,-9.0,worse
Tiger Claws,1,Tiger Claws,1991,3,2.84,2.81,0.03,1.0,better
Tiger Claws,2,Tiger Claws II,1996,3,2.91,2.81,0.1,4.0,better
Tiger Claws,3,Tiger Claws III,2000,3,2.68,2.81,-0.13,-5.0,worse
Tiger,1,Ek Tha Tiger,2012,3,2.77,2.85,-0.08,-3.0,worse
Tiger,2,Tiger Zinda Hai,2017,3,2.81,2.85,-0.04,-1.0,worse
Tiger,3,Tiger 3,2023,3,2.97,2.85,0.12,4.0,better
Tight Skin,1,Tight Skin,1982,4,3.55,3.42,0.13,4.0,better
Tight Skin,2,Tight Skin 2,1987,4,3.4,3.42,-0.02,-1.0,worse
Tight Skin,3,Tight Skin 3,1988,4,3.4,3.42,-0.02,-1.0,worse
Tight Skin,4,Tight Skin 4,1991,4,3.31,3.42,-0.1,-3.0,worse
Till Luck Do Us Part,1,Till Luck Do Us Part,2012,3,2.86,2.74,0.12,4.0,better
Till Luck Do Us Part,2,Till Luck Do Us Part 2,2013,3,2.72,2.74,-0.02,-1.0,worse
Till Luck Do Us Part,3,Till Luck Do Us: Part 3,2015,3,2.64,2.74,-0.1,-4.0,worse
Tinker Bell,1,Tinker Bell,2008,6,3.21,3.2,0.01,0.0,better
Tinker Bell,2,Tinker Bell and the Lost Treasure,2009,6,3.07,3.2,-0.13,-4.0,worse
Tinker Bell,3,Tinker Bell and the Great Fairy Rescue,2010,6,3.12,3.2,-0.08,-2.0,worse
Tinker Bell,4,Secret of the Wings,2012,6,3.37,3.2,0.17,5.0,better
Tinker Bell,5,Tinker Bell and the Pirate Fairy,2014,6,3.17,3.2,-0.03,-1.0,worse
Tinker Bell,6,Tinker Bell and the Legend of the NeverBeast,2014,6,3.28,3.2,0.08,2.0,better
Tiny Times,1,Tiny Times,2013,4,2.51,2.6,-0.08,-3.0,worse
Tiny Times,2,Tiny Times 2,2013,4,2.61,2.6,0.02,1.0,better
Tiny Times,3,Tiny Times 3,2014,4,2.6,2.6,0.01,0.0,better
Tiny Times,4,Tiny Times 4,2015,4,2.66,2.6,0.07,3.0,better
To All the Boys,1,To All the Boys I've Loved Before,2018,3,2.93,2.59,0.34,13.0,better
To All the Boys,2,To All the Boys: P.S. I Still Love You,2020,3,2.33,2.59,-0.26,-10.0,worse
To All the Boys,3,To All the Boys: Always and Forever,2021,3,2.5,2.59,-0.09,-3.0,worse
Todd McFarlane's Spawn,1,Todd McFarlane's Spawn,1997,3,3.8,3.64,0.16,4.0,better
Todd McFarlane's Spawn,2,Todd McFarlane's Spawn 2,1998,3,3.6,3.64,-0.04,-1.0,worse
Todd McFarlane's Spawn,3,Todd McFarlane's Spawn 3: The Ultimate Battle,1999,3,3.53,3.64,-0.11,-3.0,worse
Tom and Jerry,1,Tom and Jerry: The Movie,1992,6,2.71,2.96,-0.25,-8.0,worse
Tom and Jerry,2,Tom and Jerry: The Magic Ring,2001,6,3.01,2.96,0.04,1.0,better
Tom and Jerry,3,Tom and Jerry Blast Off to Mars!,2005,6,2.97,2.96,0.01,0.0,better
Tom and Jerry,4,Tom and Jerry: A Nutcracker Tale,2007,6,3.18,2.96,0.22,7.0,better
Tom and Jerry,5,Tom and Jerry: Spy Quest,2015,6,3.09,2.96,0.12,4.0,better
Tom and Jerry,6,Tom and Jerry Cowboy Up!,2022,6,2.83,2.96,-0.13,-4.0,worse
Tomie,1,Tomie,1998,9,2.93,2.97,-0.04,-1.0,worse
Tomie,2,Tomie: Another Face,1999,9,2.91,2.97,-0.06,-2.0,worse
Tomie,3,Tomie: Replay,2000,9,3.05,2.97,0.08,3.0,better
Tomie,4,Tomie: Rebirth,2001,9,3.03,2.97,0.06,2.0,better
Tomie,5,Tomie: Forbidden Fruit,2002,9,3.2,2.97,0.23,8.0,better
Tomie,6,Tomie: Beginning,2005,9,3.01,2.97,0.04,1.0,better
Tomie,7,Tomie: Revenge,2005,9,2.77,2.97,-0.2,-7.0,worse
Tomie,8,Tomie vs Tomie,2007,9,2.93,2.97,-0.04,-1.0,worse
Tomie,9,Tomie: Unlimited,2011,9,2.9,2.97,-0.07,-2.0,worse
Topper,1,Topper,1937,3,3.41,3.3,0.11,3.0,better
Topper,2,Topper Takes a Trip,1938,3,3.21,3.3,-0.09,-3.0,worse
Topper,3,Topper Returns,1941,3,3.29,3.3,-0.01,-0.0,worse
Torrente,1,"Torrente, the Dumb Arm of the Law",1998,5,3.21,2.93,0.28,10.0,better
Torrente,2,Torrente 2: Mission in Marbella,2001,5,3.07,2.93,0.14,5.0,better
Torrente,3,Torrente 3: The Protector,2005,5,2.8,2.93,-0.13,-4.0,worse
Torrente,4,Torrente 4: Lethal crisis,2011,5,2.76,2.93,-0.17,-6.0,worse
Torrente,5,Torrente 5,2014,5,2.8,2.93,-0.13,-4.0,worse
Toy Story,1,Toy Story,1995,4,4.13,3.88,0.25,6.0,better
Toy Story,2,Toy Story 2,1999,4,3.93,3.88,0.05,1.0,better
Toy Story,3,Toy Story 3,2010,4,3.99,3.88,0.11,3.0,better
Toy Story,4,Toy Story 4,2019,4,3.46,3.88,-0.42,-11.0,worse
Trailer Park Boys,1,Trailer Park Boys,1999,5,3.83,3.51,0.32,9.0,better
Trailer Park Boys,2,Trailer Park Boys: The Movie,2006,5,3.36,3.51,-0.15,-4.0,worse
Trailer Park Boys,3,Trailer Park Boys: Say Goodnight to the Bad Guys,2008,5,3.55,3.51,0.04,1.0,better
Trailer Park Boys,4,Trailer Park Boys: Countdown to Liquor Day,2009,5,3.46,3.51,-0.05,-1.0,worse
Trailer Park Boys,5,Trailer Park Boys: Don't Legalize It,2014,5,3.37,3.51,-0.14,-4.0,worse
Trancers,1,Trancers,1984,6,3.17,2.81,0.36,13.0,better
Trancers,2,Trancers II: The Return of Jack Deth,1991,6,2.89,2.81,0.08,3.0,better
Trancers,3,Trancers 3: Deth Lives,1992,6,2.85,2.81,0.04,1.0,better
Trancers,4,Trancers 4: Jack of Swords,1994,6,2.65,2.81,-0.16,-6.0,worse
Trancers,5,Trancers 5: Sudden Deth,1994,6,2.63,2.81,-0.18,-6.0,worse
Trancers,6,Trancers 6: Life After Deth,2002,6,2.66,2.81,-0.15,-5.0,worse
Transformers,1,Transformers,2007,5,3.06,2.32,0.74,32.0,better
Transformers,2,Transformers: Revenge of the Fallen,2009,5,2.31,2.32,-0.01,-0.0,worse
Transformers,3,Transformers: Dark of the Moon,2011,5,2.49,2.32,0.17,7.0,better
Transformers,4,Transformers: Age of Extinction,2014,5,1.95,2.32,-0.37,-16.0,worse
Transformers,5,Transformers: The Last Knight,2017,5,1.8,2.32,-0.52,-22.0,worse
Tremors,1,Tremors,1990,7,3.51,2.64,0.87,33.0,better
Tremors,2,Tremors 2: Aftershocks,1996,7,2.89,2.64,0.25,9.0,better
Tremors,3,Tremors 3: Back to Perfection,2001,7,2.51,2.64,-0.13,-5.0,worse
Tremors,4,Tremors 4: The Legend Begins,2004,7,2.5,2.64,-0.14,-5.0,worse
Tremors,5,Tremors 5: Bloodlines,2015,7,2.37,2.64,-0.27,-10.0,worse
Tremors,6,Tremors: A Cold Day in Hell,2018,7,2.22,2.64,-0.42,-16.0,worse
Tremors,7,Tremors: Shrieker Island,2020,7,2.46,2.64,-0.18,-7.0,worse
Trilogie de Lucas Belvaux,1,On the Run,2002,3,3.45,3.42,0.03,1.0,better
Trilogie de Lucas Belvaux,2,An Amazing Couple,2002,3,3.37,3.42,-0.05,-1.0,worse
Trilogie de Lucas Belvaux,3,After Life,2002,3,3.44,3.42,0.02,1.0,better
Trilogy of Life,1,The Decameron,1971,3,3.76,3.63,0.13,4.0,better
Trilogy of Life,2,The Canterbury Tales,1972,3,3.47,3.63,-0.16,-4.0,worse
Trilogy of Life,3,Arabian Nights,1974,3,3.65,3.63,0.02,1.0,better
Troll,1,Troll,1986,3,2.66,2.4,0.26,11.0,better
Troll,2,Troll 2,1990,3,2.34,2.4,-0.06,-3.0,worse
Troll,3,The Crawlers,1991,3,2.19,2.4,-0.21,-9.0,worse
Turbulence,1,Turbulence,1997,3,2.64,2.71,-0.07,-3.0,worse
Turbulence,2,Turbulence 2: Fear of Flying,1999,3,2.77,2.71,0.06,2.0,better
Turbulence,3,Turbulence 3: Heavy Metal,2001,3,2.72,2.71,0.01,0.0,better
Ukraine Trilogy,1,Zvenygora,1928,3,3.67,3.73,-0.06,-2.0,worse
Ukraine Trilogy,2,Arsenal,1929,3,3.75,3.73,0.02,1.0,better
Ukraine Trilogy,3,Earth,1930,3,3.76,3.73,0.03,1.0,better
Ultraman Zero,1,Mega Monster Battle: Ultra Galaxy Legends The Movie,2009,3,3.51,3.4,0.11,3.0,better
Ultraman Zero,2,Ultraman Zero: The Revenge of Belial,2010,3,3.43,3.4,0.03,1.0,better
Ultraman Zero,3,Ultraman Saga,2012,3,3.27,3.4,-0.13,-4.0,worse
Underworld,1,Underworld,2003,5,3.05,2.72,0.33,12.0,better
Underworld,2,Underworld: Evolution,2006,5,2.8,2.72,0.08,3.0,better
Underworld,3,Underworld: Rise of the Lycans,2009,5,2.77,2.72,0.05,2.0,better
Underworld,4,Underworld: Awakening,2012,5,2.58,2.72,-0.14,-5.0,worse
Underworld,5,Underworld: Blood Wars,2016,5,2.38,2.72,-0.34,-13.0,worse
Undisputed,1,Undisputed,2002,4,2.92,3.15,-0.23,-7.0,worse
Undisputed,2,Undisputed II: Last Man Standing,2006,4,3.22,3.15,0.07,2.0,better
Undisputed,3,Undisputed III: Redemption,2010,4,3.37,3.15,0.22,7.0,better
Undisputed,4,Boyka: Undisputed IV,2016,4,3.09,3.15,-0.06,-2.0,worse
Universal Soldier,1,Universal Soldier,1992,6,2.97,2.7,0.27,10.0,better
Universal Soldier,2,Universal Soldier II: Brothers in Arms,1998,6,2.38,2.7,-0.32,-12.0,worse
Universal Soldier,3,Universal Soldier III: Unfinished Business,1998,6,2.46,2.7,-0.24,-9.0,worse
Universal Soldier,4,Universal Soldier: The Return,1999,6,2.17,2.7,-0.53,-20.0,worse
Universal Soldier,5,Universal Soldier: Regeneration,2009,6,3.0,2.7,0.3,11.0,better
Universal Soldier,6,Universal Soldier: Day of Reckoning,2012,6,3.23,2.7,0.53,20.0,better
Unna Trilogy,1,"Bang, Boom, Bang",1999,3,3.65,3.43,0.22,6.0,better
Unna Trilogy,2,"If It Don't Fit, Use a Bigger Hammer",2002,3,3.32,3.43,-0.11,-3.0,worse
Unna Trilogy,3,Out of Bounds,2006,3,3.31,3.43,-0.12,-4.0,worse
Unstable Fables,1,Unstable Fables: 3 Pigs and a Baby,2008,3,2.6,2.69,-0.09,-3.0,worse
Unstable Fables,2,Unstable Fables: Tortoise vs. Hare,2008,3,2.68,2.69,-0.01,-0.0,worse
Unstable Fables,3,Unstable Fables: Goldilocks and the Three Bears,2008,3,2.8,2.69,0.11,4.0,better
Urban Legend,1,Urban Legend,1998,3,2.78,2.33,0.45,19.0,better
Urban Legend,2,Urban Legends: Final Cut,2000,3,2.37,2.33,0.04,2.0,better
Urban Legend,3,Urban Legends: Bloody Mary,2005,3,1.85,2.33,-0.48,-21.0,worse
V/H/S,1,V/H/S,2012,6,2.81,2.65,0.16,6.0,better
V/H/S,2,V/H/S/2,2013,6,2.95,2.65,0.3,11.0,better
V/H/S,3,V/H/S: Viral,2014,6,1.86,2.65,-0.79,-30.0,worse
V/H/S,4,V/H/S/94,2021,6,2.84,2.65,0.19,7.0,better
V/H/S,5,V/H/S/99,2022,6,2.61,2.65,-0.04,-2.0,worse
V/H/S,6,V/H/S/ 85,2023,6,2.83,2.65,0.18,7.0,better
Vacanze di Natale,1,Christmas Holidays,1983,5,3.13,2.91,0.22,8.0,better
Vacanze di Natale,2,Christmas Vacation '90,1990,5,2.86,2.91,-0.05,-2.0,worse
Vacanze di Natale,3,Vacanze di Natale '91,1991,5,2.85,2.91,-0.06,-2.0,worse
Vacanze di Natale,4,Christmas Vacation '95,1995,5,2.87,2.91,-0.04,-1.0,worse
Vacanze di Natale,5,Vacanze di Natale 2000,1999,5,2.83,2.91,-0.08,-3.0,worse
Valami Amerika gyűjtemény,1,A Kind of America,2002,3,3.29,3.13,0.16,5.0,better
Valami Amerika gyűjtemény,2,A Kind of America 2,2008,3,3.27,3.13,0.14,4.0,better
Valami Amerika gyűjtemény,3,A Kind of America 3,2018,3,2.83,3.13,-0.3,-10.0,worse
Valley of the Wolves,1,Valley of the Wolves: Iraq,2006,4,2.9,2.95,-0.05,-2.0,worse
Valley of the Wolves,2,Valley of the Wolves Gladio,2008,4,3.3,2.95,0.35,12.0,better
Valley of the Wolves,3,Valley of the Wolves: Palestine,2011,4,2.95,2.95,0.0,0.0,equal
Valley of the Wolves,4,Valley of the Wolves: Homeland,2017,4,2.64,2.95,-0.31,-11.0,worse
Vampires,1,Vampires,1998,3,2.9,2.6,0.3,12.0,better
Vampires,2,Vampires: Los Muertos,2002,3,2.22,2.6,-0.38,-15.0,worse
Vampires,3,Vampires: The Turning,2005,3,2.69,2.6,0.09,3.0,better
Vi på Saltkråkan,1,Life on Seacrow Island,1962,5,3.41,3.35,0.06,2.0,better
Vi på Saltkråkan,2,"Tjorven, Batsman, and Moses",1964,5,3.33,3.35,-0.02,-1.0,worse
Vi på Saltkråkan,3,Tjorven and Skrallan,1965,5,3.34,3.35,-0.01,-0.0,worse
Vi på Saltkråkan,4,Tjorven and Mysak,1966,5,3.34,3.35,-0.01,-0.0,worse
Vi på Saltkråkan,5,"Skrallan, Ruskprick and Gurnard",1967,5,3.35,3.35,-0.0,-0.0,equal
Village,1,Howling Village,2019,3,2.64,2.73,-0.09,-3.0,worse
Village,2,Suicide Forest Village,2021,3,2.72,2.73,-0.01,-0.0,worse
Village,3,Ox-Head Village,2022,3,2.84,2.73,0.11,4.0,better
Vincke & Verstuyft trilogy,1,The Memory of a Killer,2003,3,3.41,3.26,0.15,5.0,better
Vincke & Verstuyft trilogy,2,Dossier K.,2009,3,3.27,3.26,0.01,0.0,better
Vincke & Verstuyft trilogy,3,Control,2017,3,3.1,3.26,-0.16,-5.0,worse
Virgil Tibbs Trilogy,1,In the Heat of the Night,1967,3,4.01,3.35,0.66,20.0,better
Virgil Tibbs Trilogy,2,They Call Me Mister Tibbs!,1970,3,2.94,3.35,-0.41,-12.0,worse
Virgil Tibbs Trilogy,3,The Organization,1971,3,3.11,3.35,-0.24,-7.0,worse
Vomit Gore Series,1,Slaughtered Vomit Dolls,2006,4,1.68,2.03,-0.35,-17.0,worse
Vomit Gore Series,2,ReGOREgitated Sacrifice,2008,4,2.06,2.03,0.03,1.0,better
Vomit Gore Series,3,Slow Torture Puke Chamber,2010,4,1.94,2.03,-0.09,-4.0,worse
Vomit Gore Series,4,Black Mass of the Nazi Sex Wizard,2015,4,2.43,2.03,0.4,20.0,better
Walking Tall,1,Walking Tall,1973,3,3.36,3.2,0.16,5.0,better
Walking Tall,2,Walking Tall Part II,1975,3,3.13,3.2,-0.07,-2.0,worse
Walking Tall,3,Final Chapter: Walking Tall,1977,3,3.12,3.2,-0.08,-2.0,worse
War and Peace,1,"War and Peace, Part I: Andrei Bolkonsky",1966,4,4.14,4.12,0.01,0.0,better
War and Peace,2,"War and Peace, Part II: Natasha Rostova",1966,4,3.97,4.12,-0.15,-4.0,worse
War and Peace,3,"War and Peace, Part III: The Year 1812",1967,4,4.24,4.12,0.12,3.0,better
War and Peace,4,"War and Peace, Part IV: Pierre Bezukhov",1967,4,4.15,4.12,0.03,1.0,better
Warlock,1,Warlock,1989,3,3.02,2.62,0.4,15.0,better
Warlock,2,Warlock: The Armageddon,1993,3,2.78,2.62,0.16,6.0,better
Warlock,3,Warlock III: The End of Innocence,1999,3,2.07,2.62,-0.55,-21.0,worse
Watchers,1,Watchers,1988,4,2.74,2.87,-0.13,-5.0,worse
Watchers,2,Watchers II,1990,4,2.88,2.87,0.01,0.0,better
Watchers,3,Watchers 3,1994,4,2.88,2.87,0.01,0.0,better
Watchers,4,Watchers Reborn,1998,4,2.98,2.87,0.11,4.0,better
Werner,1,Werner - Beinhart!,1990,5,3.41,3.09,0.32,10.0,better
Werner,2,Werner - Eat my dust,1996,5,3.13,3.09,0.04,1.0,better
Werner,3,Werner - Volles Rooäää!!!,1999,5,3.1,3.09,0.01,0.0,better
Werner,4,Werner - Gekotzt wird später!,2003,5,3.16,3.09,0.07,2.0,better
Werner,5,Werner - Eiskalt!,2011,5,2.67,3.09,-0.42,-14.0,worse
What a Wonderful Family,1,What a Wonderful Family!,2016,3,3.44,3.46,-0.02,-1.0,worse
What a Wonderful Family,2,What a Wonderful Family! 2,2017,3,3.47,3.46,0.01,0.0,better
What a Wonderful Family,3,What a Wonderful Family! 3,2018,3,3.47,3.46,0.01,0.0,better
Whispering Corridors,1,Whispering Corridors,1998,6,3.08,3.14,-0.06,-2.0,worse
Whispering Corridors,2,Memento Mori,1999,6,3.4,3.14,0.26,8.0,better
Whispering Corridors,3,Wishing Stairs,2003,6,3.1,3.14,-0.04,-1.0,worse
Whispering Corridors,4,Voice,2005,6,3.23,3.14,0.09,3.0,better
Whispering Corridors,5,A Blood Pledge,2009,6,3.02,3.14,-0.12,-4.0,worse
Whispering Corridors,6,Whispering Corridors 6: The Humming,2020,6,3.0,3.14,-0.14,-4.0,worse
Wild Chicks,1,The Wild Chicks,2006,3,3.43,3.29,0.14,4.0,better
Wild Chicks,2,Wild Chicks in Love,2007,3,3.35,3.29,0.06,2.0,better
Wild Chicks,3,The Wild Chicks and Life,2009,3,3.1,3.29,-0.19,-6.0,worse
Wild Things,1,Wild Things,1998,4,3.09,2.65,0.44,17.0,better
Wild Things,2,Wild Things 2,2004,4,2.35,2.65,-0.3,-11.0,worse
Wild Things,3,Wild Things: Diamonds in the Rough,2005,4,2.53,2.65,-0.12,-5.0,worse
Wild Things,4,Wild Things: Foursome,2010,4,2.62,2.65,-0.03,-1.0,worse
Winnetou - The Legend Lives,1,Winnetou - A New World,2016,3,3.07,3.08,-0.01,-0.0,worse
Winnetou - The Legend Lives,2,Winnetou - The Secret of the Silver Lake,2016,3,3.04,3.08,-0.04,-1.0,worse
Winnetou - The Legend Lives,3,Winnetou - The Last Fight,2016,3,3.14,3.08,0.06,2.0,better
Winter Castle,1,Winter Castle,2019,3,2.97,2.91,0.06,2.0,better
Winter Castle,2,"Baby, It's Cold Inside",2021,3,2.98,2.91,0.07,2.0,better
Winter Castle,3,A Royal Christmas Crush,2023,3,2.77,2.91,-0.14,-5.0,worse
Winx Club,1,Winx Club: The Secret of the Lost Kingdom,2007,3,3.44,3.2,0.24,8.0,better
Winx Club,2,Winx Club - Magic Adventure,2010,3,3.18,3.2,-0.02,-1.0,worse
Winx Club,3,Winx Club: The Mystery of the Abyss,2014,3,2.97,3.2,-0.23,-7.0,worse
Wishmaster,1,Wishmaster,1997,4,2.91,2.27,0.64,28.0,better
Wishmaster,2,Wishmaster 2: Evil Never Dies,1999,4,2.49,2.27,0.22,10.0,better
Wishmaster,3,Wishmaster 3: Beyond the Gates of Hell,2001,4,1.79,2.27,-0.48,-21.0,worse
Wishmaster,4,Wishmaster 4: The Prophecy Fulfilled,2002,4,1.9,2.27,-0.37,-16.0,worse
Witchboard,1,Witchboard,1986,3,2.77,2.77,0.0,0.0,equal
Witchboard,2,Witchboard 2: The Devil's Doorway,1993,3,2.74,2.77,-0.03,-1.0,worse
Witchboard,3,Witchboard III: The Possession,1995,3,2.8,2.77,0.03,1.0,better
With Markiplier,1,A Heist with Markiplier,2019,3,4.04,4.04,0.0,0.0,equal
With Markiplier,2,In Space with Markiplier,2022,3,4.1,4.04,0.06,1.0,better
With Markiplier,3,In Space with Markiplier: Part 2,2022,3,3.97,4.04,-0.07,-2.0,worse
Would I Lie to You?,1,Would I Lie to You?,1997,4,3.3,3.1,0.19,6.0,better
Would I Lie to You?,2,Would I Lie to You? 2,2001,4,3.27,3.1,0.17,5.0,better
Would I Lie to You?,3,Would I Lie to You? 3,2012,4,2.98,3.1,-0.12,-4.0,worse
Would I Lie to You?,4,Would I Lie to You: The Beginning,2019,4,2.87,3.1,-0.23,-7.0,worse
Wrong Turn,1,Wrong Turn,2003,6,2.77,2.2,0.57,26.0,better
Wrong Turn,2,Wrong Turn 2: Dead End,2007,6,2.65,2.2,0.45,20.0,better
Wrong Turn,3,Wrong Turn 3: Left for Dead,2009,6,2.07,2.2,-0.13,-6.0,worse
Wrong Turn,4,Wrong Turn 4: Bloody Beginnings,2011,6,2.22,2.2,0.02,1.0,better
Wrong Turn,5,Wrong Turn 5: Bloodlines,2012,6,1.83,2.2,-0.37,-17.0,worse
Wrong Turn,6,Wrong Turn 6: Last Resort,2014,6,1.67,2.2,-0.53,-24.0,worse
X-Men,1,X-Men,2000,7,3.31,3.01,0.3,10.0,better
X-Men,2,X2,2003,7,3.41,3.01,0.4,13.0,better
X-Men,3,X-Men: The Last Stand,2006,7,2.56,3.01,-0.45,-15.0,worse
X-Men,4,X-Men: First Class,2011,7,3.55,3.01,0.54,18.0,better
X-Men,5,X-Men: Days of Future Past,2014,7,3.61,3.01,0.6,20.0,better
X-Men,6,X-Men: Apocalypse,2016,7,2.56,3.01,-0.45,-15.0,worse
X-Men,7,Dark Phoenix,2019,7,2.05,3.01,-0.96,-32.0,worse
Xtro,1,Xtro,1982,3,3.16,2.63,0.53,20.0,better
Xtro,2,Xtro 2: The Second Encounter,1990,3,2.34,2.63,-0.29,-11.0,worse
Xtro,3,Xtro 3: Watch the Skies,1995,3,2.39,2.63,-0.24,-9.0,worse
Yamla Pagla Deewana,1,Yamla Pagla Deewana,2011,3,2.89,2.71,0.18,7.0,better
Yamla Pagla Deewana,2,Yamla Pagla Deewana 2,2013,3,2.57,2.71,-0.14,-5.0,worse
Yamla Pagla Deewana,3,Yamla Pagla Deewana: Phir Se,2018,3,2.67,2.71,-0.04,-1.0,worse
Yokai Monsters,1,Yokai Monsters: 100 Monsters,1968,3,3.28,3.26,0.02,1.0,better
Yokai Monsters,2,Yokai Monsters: Spook Warfare,1968,3,3.38,3.26,0.12,4.0,better
Yokai Monsters,3,Yokai Monsters: Along with Ghosts,1969,3,3.11,3.26,-0.15,-5.0,worse
Yowis Ben,1,Yowis Ben,2018,4,3.23,3.07,0.16,5.0,better
Yowis Ben,2,Yowis Ben 2,2019,4,3.07,3.07,-0.0,-0.0,equal
Yowis Ben,3,Yowis Ben 3,2021,4,3.0,3.07,-0.07,-2.0,worse
Yowis Ben,4,Yowis Ben Finale,2021,4,2.99,3.07,-0.08,-3.0,worse
Yu-Gi-Oh,1,Yu-Gi-Oh! The Movie,2004,3,2.83,3.03,-0.2,-7.0,worse
Yu-Gi-Oh,2,Yu-Gi-Oh!: Bonds Beyond Time,2010,3,2.95,3.03,-0.08,-3.0,worse
Yu-Gi-Oh,3,Yu-Gi-Oh!: The Dark Side of Dimensions,2016,3,3.3,3.03,0.27,9.0,better
Z-O-M-B-I-E-S,1,Z-O-M-B-I-E-S,2018,3,2.37,2.36,0.01,0.0,better
Z-O-M-B-I-E-S,2,Z-O-M-B-I-E-S 2,2020,3,2.26,2.36,-0.1,-4.0,worse
Z-O-M-B-I-E-S,3,Z-O-M-B-I-E-S 3,2022,3,2.45,2.36,0.09,4.0,better
Zenon,1,Zenon: Girl of the 21st Century,1999,3,2.9,2.64,0.26,10.0,better
Zenon,2,Zenon: The Zequel,2001,3,2.62,2.64,-0.02,-1.0,worse
Zenon,3,Zenon: Z3,2004,3,2.41,2.64,-0.23,-9.0,worse
Zoombies,1,Zoombies,2016,3,1.81,2.14,-0.33,-15.0,worse
Zoombies,2,Zoombies 2,2019,3,2.64,2.14,0.5,23.0,better
Zoombies,3,Aquarium of the Dead,2021,3,1.96,2.14,-0.18,-8.0,worse
[REC],1,[REC],2007,4,3.68,2.91,0.77,26.0,better
[REC],2,[REC]²,2009,4,3.16,2.91,0.25,9.0,better
[REC],3,[REC]³ Genesis,2012,4,2.47,2.91,-0.44,-15.0,worse
[REC],4,[REC]⁴ Apocalypse,2014,4,2.33,2.91,-0.58,-20.0,worse
xXx,1,xXx,2002,3,2.49,2.26,0.23,10.0,better
xXx,2,xXx: State of the Union,2005,3,2.07,2.26,-0.19,-8.0,worse
xXx,3,xXx: Return of Xander Cage,2017,3,2.22,2.26,-0.04,-2.0,worse
¡Asu Mare!,1,¡Asu Mare!,2013,4,3.07,2.66,0.41,15.0,better
¡Asu Mare!,2,¡Asu Mare! 2,2015,4,2.68,2.66,0.02,1.0,better
¡Asu Mare!,3,¡Asu Mare! 3,2018,4,2.43,2.66,-0.23,-9.0,worse
¡Asu Mare!,4,¡Asu Mare! Los amigos,2023,4,2.46,2.66,-0.2,-8.0,worse
Çakallarla Dans,1,Çakallarla Dans,2010,6,2.91,2.76,0.15,5.0,better
Çakallarla Dans,2,Dancing with Jackals 2,2012,6,2.79,2.76,0.03,1.0,better
Çakallarla Dans,3,Çakallarla Dans 3: Sıfır Sıkıntı,2014,6,2.78,2.76,0.02,1.0,better
Çakallarla Dans,4,Çakallarla Dans 4,2016,6,2.69,2.76,-0.07,-3.0,worse
Çakallarla Dans,5,Çakallarla Dans 5,2018,6,2.63,2.76,-0.13,-5.0,worse
Çakallarla Dans,6,Çakallarla Dans 6,2022,6,2.75,2.76,-0.01,-0.0,worse
Çılgın Dersane,1,Çılgın Dersane,2007,4,2.43,2.46,-0.03,-1.0,worse
Çılgın Dersane,2,Cool School Camp,2008,4,2.44,2.46,-0.02,-1.0,worse
Çılgın Dersane,3,Çılgın Dersane 3,2014,4,2.48,2.46,0.02,1.0,better
Çılgın Dersane,4,Çılgın Dersane 4: Ada,2015,4,2.49,2.46,0.03,1.0,better
سلسلة أفلام عمر وسلمى,1,Omar & Salma,2007,3,2.77,2.63,0.14,5.0,better
سلسلة أفلام عمر وسلمى,2,Omar & Salma 2,2009,3,2.67,2.63,0.04,2.0,better
سلسلة أفلام عمر وسلمى,3,Omar & Salma 3,2012,3,2.46,2.63,-0.17,-6.0,worse
仮面ライダー平成ジェネレーションズ シリーズ,1,Kamen Rider Heisei Generations: Dr. Pac-Man vs. Ex-Aid & Ghost with Legend Riders,2016,3,3.36,3.41,-0.05,-1.0,worse
仮面ライダー平成ジェネレーションズ シリーズ,2,Kamen Rider Heisei Generations FINAL: Build & Ex-Aid with Legend Riders,2017,3,3.48,3.41,0.07,2.0,better
仮面ライダー平成ジェネレーションズ シリーズ,3,Kamen Rider: Heisei Generations Forever,2018,3,3.4,3.41,-0.01,-0.0,worse
